data_hora;site;modelo_busca;titulo;preco;processador;ram;armazenamento;gpu;tela;link
2025-11-10 19:43:04;Amazon;asus vivobook 15;"Notebook Lenovo LOQ-e 15IAX9E Intel Core i5-12450HX 16GB 512GB SSD RTX 3050 Windows 11 Pro 15.6"" - 83ME000CBR Luna Grey";R$ 5.509,05;I5-12450HX;N/A;16GB;RTX;N/A;https://www.amazon.com.br/sspa/click?ie=UTF8&spc=MTo2NzI5NDYxNjUxNDkxNDEzOjE3NjI4MDM3ODU6c3BfYXRmOjMwMDg3ODYxOTUxODMwMjo6MDo6&url=%2FNotebook-Lenovo-15IAX9E-i5-12450HX-Windows%2Fdp%2FB0DSXNFP1S%2Fref%3Dsr_1_1_sspa%3Fdib%3DeyJ2IjoiMSJ9.ADv-phX5n21aNir3l2yz2rEgojqgBeaahyIgGMO8NEuGDvcDJwaKeVl80j8tvLYJ_FheS7vW691GtlLPPBRI9jnCZGRvc_xqoATpMsq-MlRr7Wxj06Lvo552idQHR8KfKGjA42PmhS-82bKGKspfuASPE0PYnk3e28uEdK6IZXuQB9SsM97XNKq_wa89tcHX8tzX2_tioahjhEnKLRS4GFuQjR8IQpruY4UWBaKgqHZnEK3r2ebB7c4Kv5ki3biHlb0r7aFe-tMjynNcMSm1hlxSnAAd9TVudKiWprqJ75w.FDf0pRj35qGkj_H46TpMYTJW-nWZSzAL_NZFTNtENSU%26dib_tag%3Dse%26keywords%3Dasus%2Bvivobook%2B15%26qid%3D1762803785%26sr%3D8-1-spons%26ufe%3Dapp_do%253Aamzn1.fos.95de73c3-5dda-43a7-bd1f-63af03b14751%26sp_csd%3Dd2lkZ2V0TmFtZT1zcF9hdGY%26psc%3D1
2025-11-10 19:43:04;Amazon;asus vivobook 15;"Notebook Lenovo Yoga Slim 7 14IMH9 14"" Intel Core Ultra 7 155H 16GB 512GB SSD Windows 11-83GM0005BR Luna Grey";R$ 6.174,05;N/A;N/A;16GB;N/A;N/A;https://www.amazon.com.br/sspa/click?ie=UTF8&spc=MTo2NzI5NDYxNjUxNDkxNDEzOjE3NjI4MDM3ODU6c3BfYXRmOjMwMDg3ODYxOTUxODkwMjo6MDo6&url=%2FNotebook-Lenovo-14IMH9-Windows-11-83GM0005BR%2Fdp%2FB0DR3GRCG2%2Fref%3Dsr_1_2_sspa%3Fdib%3DeyJ2IjoiMSJ9.ADv-phX5n21aNir3l2yz2rEgojqgBeaahyIgGMO8NEuGDvcDJwaKeVl80j8tvLYJ_FheS7vW691GtlLPPBRI9jnCZGRvc_xqoATpMsq-MlRr7Wxj06Lvo552idQHR8KfKGjA42PmhS-82bKGKspfuASPE0PYnk3e28uEdK6IZXuQB9SsM97XNKq_wa89tcHX8tzX2_tioahjhEnKLRS4GFuQjR8IQpruY4UWBaKgqHZnEK3r2ebB7c4Kv5ki3biHlb0r7aFe-tMjynNcMSm1hlxSnAAd9TVudKiWprqJ75w.FDf0pRj35qGkj_H46TpMYTJW-nWZSzAL_NZFTNtENSU%26dib_tag%3Dse%26keywords%3Dasus%2Bvivobook%2B15%26qid%3D1762803785%26sr%3D8-2-spons%26ufe%3Dapp_do%253Aamzn1.fos.95de73c3-5dda-43a7-bd1f-63af03b14751%26sp_csd%3Dd2lkZ2V0TmFtZT1zcF9hdGY%26psc%3D1
2025-11-10 19:43:04;Amazon;asus vivobook 15;"Notebook Gamer Legion 5 Intel Core i7-14650HX 16GB 512GB SSD RTX4060 8GB W11Home 16"" WQXGA 83EW0002BR";R$ 12.349,05;I7-14650HX;8GB;16GB;RTX;N/A;https://www.amazon.com.br/sspa/click?ie=UTF8&spc=MTo2NzI5NDYxNjUxNDkxNDEzOjE3NjI4MDM3ODU6c3BfYXRmOjMwMDg3ODYxOTUxODQwMjo6MDo6&url=%2FNotebook-i7-14650HX-RTX4060-W11Home-83EW0002BR%2Fdp%2FB0DRMDNR7D%2Fref%3Dsr_1_3_sspa%3Fdib%3DeyJ2IjoiMSJ9.ADv-phX5n21aNir3l2yz2rEgojqgBeaahyIgGMO8NEuGDvcDJwaKeVl80j8tvLYJ_FheS7vW691GtlLPPBRI9jnCZGRvc_xqoATpMsq-MlRr7Wxj06Lvo552idQHR8KfKGjA42PmhS-82bKGKspfuASPE0PYnk3e28uEdK6IZXuQB9SsM97XNKq_wa89tcHX8tzX2_tioahjhEnKLRS4GFuQjR8IQpruY4UWBaKgqHZnEK3r2ebB7c4Kv5ki3biHlb0r7aFe-tMjynNcMSm1hlxSnAAd9TVudKiWprqJ75w.FDf0pRj35qGkj_H46TpMYTJW-nWZSzAL_NZFTNtENSU%26dib_tag%3Dse%26keywords%3Dasus%2Bvivobook%2B15%26qid%3D1762803785%26sr%3D8-3-spons%26ufe%3Dapp_do%253Aamzn1.fos.95de73c3-5dda-43a7-bd1f-63af03b14751%26sp_csd%3Dd2lkZ2V0TmFtZT1zcF9hdGY%26psc%3D1
2025-11-10 19:43:04;Amazon;asus vivobook 15;"Notebook Lenovo Yoga 7x Snapdragon X Elite X1E-78-100 32GB 1TB SSD W11 14.5"" OLED 83ED001XBR";R$ 11.399,05;N/A;N/A;32GB;N/A;N/A;https://www.amazon.com.br/sspa/click?ie=UTF8&spc=MTo2NzI5NDYxNjUxNDkxNDEzOjE3NjI4MDM3ODU6c3BfYXRmOjMwMDg3ODYxOTUxODgwMjo6MDo6&url=%2FNotebook-Lenovo-Snapdragon-X1E-78-100-83ED001XBR%2Fdp%2FB0DK16CS9R%2Fref%3Dsr_1_4_sspa%3Fdib%3DeyJ2IjoiMSJ9.ADv-phX5n21aNir3l2yz2rEgojqgBeaahyIgGMO8NEuGDvcDJwaKeVl80j8tvLYJ_FheS7vW691GtlLPPBRI9jnCZGRvc_xqoATpMsq-MlRr7Wxj06Lvo552idQHR8KfKGjA42PmhS-82bKGKspfuASPE0PYnk3e28uEdK6IZXuQB9SsM97XNKq_wa89tcHX8tzX2_tioahjhEnKLRS4GFuQjR8IQpruY4UWBaKgqHZnEK3r2ebB7c4Kv5ki3biHlb0r7aFe-tMjynNcMSm1hlxSnAAd9TVudKiWprqJ75w.FDf0pRj35qGkj_H46TpMYTJW-nWZSzAL_NZFTNtENSU%26dib_tag%3Dse%26keywords%3Dasus%2Bvivobook%2B15%26qid%3D1762803785%26sr%3D8-4-spons%26ufe%3Dapp_do%253Aamzn1.fos.95de73c3-5dda-43a7-bd1f-63af03b14751%26sp_csd%3Dd2lkZ2V0TmFtZT1zcF9hdGY%26psc%3D1
2025-11-10 19:43:04;Amazon;asus vivobook 15;Notebook ASUS Vivobook 15, Intel Core i5, 16 GB, 512 GB SSD W11 Home, 15.6'' FHD, Quiet Blue -X1504VA-NJ1745W;R$ 3.039,05;I5;N/A;16GB;N/A;"15.6""";https://www.amazon.com.br/Notebook-ASUS-Vivobook-Intel-X1504VA-NJ1745W/dp/B0F4M66XWL/ref=sr_1_5?dib=eyJ2IjoiMSJ9.ADv-phX5n21aNir3l2yz2rEgojqgBeaahyIgGMO8NEuGDvcDJwaKeVl80j8tvLYJ_FheS7vW691GtlLPPBRI9jnCZGRvc_xqoATpMsq-MlRr7Wxj06Lvo552idQHR8KfKGjA42PmhS-82bKGKspfuASPE0PYnk3e28uEdK6IZXuQB9SsM97XNKq_wa89tcHX8tzX2_tioahjhEnKLRS4GFuQjR8IQpruY4UWBaKgqHZnEK3r2ebB7c4Kv5ki3biHlb0r7aFe-tMjynNcMSm1hlxSnAAd9TVudKiWprqJ75w.FDf0pRj35qGkj_H46TpMYTJW-nWZSzAL_NZFTNtENSU&dib_tag=se&keywords=asus+vivobook+15&qid=1762803785&sr=8-5&ufe=app_do%3Aamzn1.fos.9e6a115c-05b9-4b96-8e1c-b1f9ce2ac1a6
2025-11-10 19:43:04;Amazon;asus vivobook 15;"Notebook Lenovo Yoga 7x Snapdragon X Elite X1E-78-100 32GB 1TB SSD W11 14.5"" OLED 83ED001XBR";R$ 11.399,05;N/A;N/A;32GB;N/A;N/A;https://www.amazon.com.br/sspa/click?ie=UTF8&spc=MTo4MTg4MTU4ODg4NDYyNDIxOjE3NjI4MDM3OTQ6c3BfYXRmX25leHQ6MzAwODc4NjE5NTE4ODAyOjowOjo&url=%2FNotebook-Lenovo-Snapdragon-X1E-78-100-83ED001XBR%2Fdp%2FB0DK16CS9R%2Fref%3Dsr_1_49_sspa%3Fdib%3DeyJ2IjoiMSJ9.iHJwh8_NPi93I14wRf5Whi46XZFs9tUVxhmTz8yifC6NR0QH4u-XSniEp8d3ic2OeXLJqv2LeB6dUSrM36XcvffRFQ5ArRgm-VpXGTi_HFH0X7C3j_8Z_3hvwrt_Mh5nq0u1XA3-yYE-Y7o21aaareIyGbVshYgU7ZqT81JaMg8UEMmxFMxoCZD01Iysz70YccA7EQy7qCmb7VkiAtcgVSZMz-erNlPt0ok5NMqp6JFecMAcDHw5oqgQ5IHiXiKhcvo558SpxXnMc1vlEcEMY9EGqumF1hd8GFXBqEhSiE8.FM7lQmZLSemYfEro3N4ZfbV9OerdIvl3ssT4Wy1lYmc%26dib_tag%3Dse%26keywords%3Dasus%2Bvivobook%2B15%26qid%3D1762803794%26sr%3D8-49-spons%26ufe%3Dapp_do%253Aamzn1.fos.95de73c3-5dda-43a7-bd1f-63af03b14751%26sp_csd%3Dd2lkZ2V0TmFtZT1zcF9hdGZfbmV4dA%26psc%3D1
2025-11-10 19:43:04;Amazon;asus vivobook 15;"Notebook Lenovo Yoga Slim 7 14IMH9 14"" Intel Core Ultra 7 155H 16GB 512GB SSD Windows 11-83GM0005BR Luna Grey";R$ 6.174,05;N/A;N/A;16GB;N/A;N/A;https://www.amazon.com.br/sspa/click?ie=UTF8&spc=MTo4MTg4MTU4ODg4NDYyNDIxOjE3NjI4MDM3OTQ6c3BfYXRmX25leHQ6MzAwODc4NjE5NTE4OTAyOjowOjo&url=%2FNotebook-Lenovo-14IMH9-Windows-11-83GM0005BR%2Fdp%2FB0DR3GRCG2%2Fref%3Dsr_1_50_sspa%3Fdib%3DeyJ2IjoiMSJ9.iHJwh8_NPi93I14wRf5Whi46XZFs9tUVxhmTz8yifC6NR0QH4u-XSniEp8d3ic2OeXLJqv2LeB6dUSrM36XcvffRFQ5ArRgm-VpXGTi_HFH0X7C3j_8Z_3hvwrt_Mh5nq0u1XA3-yYE-Y7o21aaareIyGbVshYgU7ZqT81JaMg8UEMmxFMxoCZD01Iysz70YccA7EQy7qCmb7VkiAtcgVSZMz-erNlPt0ok5NMqp6JFecMAcDHw5oqgQ5IHiXiKhcvo558SpxXnMc1vlEcEMY9EGqumF1hd8GFXBqEhSiE8.FM7lQmZLSemYfEro3N4ZfbV9OerdIvl3ssT4Wy1lYmc%26dib_tag%3Dse%26keywords%3Dasus%2Bvivobook%2B15%26qid%3D1762803794%26sr%3D8-50-spons%26ufe%3Dapp_do%253Aamzn1.fos.95de73c3-5dda-43a7-bd1f-63af03b14751%26sp_csd%3Dd2lkZ2V0TmFtZT1zcF9hdGZfbmV4dA%26psc%3D1
2025-11-10 19:43:04;Amazon;asus vivobook 15;"Notebook Gamer Legion 5 Intel Core i7-14650HX 16GB 512GB SSD RTX4060 8GB W11Home 16"" WQXGA 83EW0002BR";R$ 12.349,05;I7-14650HX;8GB;16GB;RTX;N/A;https://www.amazon.com.br/sspa/click?ie=UTF8&spc=MTo4MTg4MTU4ODg4NDYyNDIxOjE3NjI4MDM3OTQ6c3BfYXRmX25leHQ6MzAwODc4NjE5NTE4NDAyOjowOjo&url=%2FNotebook-i7-14650HX-RTX4060-W11Home-83EW0002BR%2Fdp%2FB0DRMDNR7D%2Fref%3Dsr_1_51_sspa%3Fdib%3DeyJ2IjoiMSJ9.iHJwh8_NPi93I14wRf5Whi46XZFs9tUVxhmTz8yifC6NR0QH4u-XSniEp8d3ic2OeXLJqv2LeB6dUSrM36XcvffRFQ5ArRgm-VpXGTi_HFH0X7C3j_8Z_3hvwrt_Mh5nq0u1XA3-yYE-Y7o21aaareIyGbVshYgU7ZqT81JaMg8UEMmxFMxoCZD01Iysz70YccA7EQy7qCmb7VkiAtcgVSZMz-erNlPt0ok5NMqp6JFecMAcDHw5oqgQ5IHiXiKhcvo558SpxXnMc1vlEcEMY9EGqumF1hd8GFXBqEhSiE8.FM7lQmZLSemYfEro3N4ZfbV9OerdIvl3ssT4Wy1lYmc%26dib_tag%3Dse%26keywords%3Dasus%2Bvivobook%2B15%26qid%3D1762803794%26sr%3D8-51-spons%26ufe%3Dapp_do%253Aamzn1.fos.95de73c3-5dda-43a7-bd1f-63af03b14751%26sp_csd%3Dd2lkZ2V0TmFtZT1zcF9hdGZfbmV4dA%26psc%3D1
2025-11-10 19:43:04;Amazon;asus vivobook 15;"Notebook Lenovo LOQ-e 15IAX9E Intel Core i5-12450HX 16GB 512GB SSD RTX 3050 Windows 11 Pro 15.6"" - 83ME000CBR Luna Grey";R$ 5.509,05;I5-12450HX;N/A;16GB;RTX;N/A;https://www.amazon.com.br/sspa/click?ie=UTF8&spc=MTo4MTg4MTU4ODg4NDYyNDIxOjE3NjI4MDM3OTQ6c3BfYXRmX25leHQ6MzAwODc4NjE5NTE4MzAyOjowOjo&url=%2FNotebook-Lenovo-15IAX9E-i5-12450HX-Windows%2Fdp%2FB0DSXNFP1S%2Fref%3Dsr_1_52_sspa%3Fdib%3DeyJ2IjoiMSJ9.iHJwh8_NPi93I14wRf5Whi46XZFs9tUVxhmTz8yifC6NR0QH4u-XSniEp8d3ic2OeXLJqv2LeB6dUSrM36XcvffRFQ5ArRgm-VpXGTi_HFH0X7C3j_8Z_3hvwrt_Mh5nq0u1XA3-yYE-Y7o21aaareIyGbVshYgU7ZqT81JaMg8UEMmxFMxoCZD01Iysz70YccA7EQy7qCmb7VkiAtcgVSZMz-erNlPt0ok5NMqp6JFecMAcDHw5oqgQ5IHiXiKhcvo558SpxXnMc1vlEcEMY9EGqumF1hd8GFXBqEhSiE8.FM7lQmZLSemYfEro3N4ZfbV9OerdIvl3ssT4Wy1lYmc%26dib_tag%3Dse%26keywords%3Dasus%2Bvivobook%2B15%26qid%3D1762803794%26sr%3D8-52-spons%26ufe%3Dapp_do%253Aamzn1.fos.95de73c3-5dda-43a7-bd1f-63af03b14751%26sp_csd%3Dd2lkZ2V0TmFtZT1zcF9hdGZfbmV4dA%26psc%3D1
2025-11-10 19:43:04;Amazon;asus vivobook 15;ASUS Laptop VivoBook 15 2020 15,6 polegadas FHD 1080P (AMD Ryzen 3 3200U até 3,5 GHz, 8GB DDR4 RAM, 256GB SSD, AMD Radeon Vega 3, teclado retroiluminado, leitor FP, Wi-Fi, Bluetooth, HDMI, Windows 10) (cinza);R$ 3.954,83;RYZEN 3;N/A;8GB;AMD RADEON;N/A;https://www.amazon.com.br/ASUS-VivoBook-polegadas-retroiluminado-Bluetooth/dp/B07Y5PDX7D/ref=sr_1_53?dib=eyJ2IjoiMSJ9.iHJwh8_NPi93I14wRf5Whi46XZFs9tUVxhmTz8yifC6NR0QH4u-XSniEp8d3ic2OeXLJqv2LeB6dUSrM36XcvffRFQ5ArRgm-VpXGTi_HFH0X7C3j_8Z_3hvwrt_Mh5nq0u1XA3-yYE-Y7o21aaareIyGbVshYgU7ZqT81JaMg8UEMmxFMxoCZD01Iysz70YccA7EQy7qCmb7VkiAtcgVSZMz-erNlPt0ok5NMqp6JFecMAcDHw5oqgQ5IHiXiKhcvo558SpxXnMc1vlEcEMY9EGqumF1hd8GFXBqEhSiE8.FM7lQmZLSemYfEro3N4ZfbV9OerdIvl3ssT4Wy1lYmc&dib_tag=se&keywords=asus+vivobook+15&qid=1762803794&sr=8-53&ufe=app_do%3Aamzn1.fos.25548f35-0de7-44b3-b28e-0f56f3f96147
2025-11-10 19:43:04;MercadoLivre;asus vivobook 15;Notebook Asus Vivobook 15 X1504va Intel Core I5 1334u 8gb Ram 512gb Ssd Linux Keepos Intel Iris Xe Tela 15,6 Led Fhd Silver - Nj1741;R$ 2.999;I5;8GB;8GB;IRIS XE;N/A;https://www.mercadolivre.com.br/notebook-asus-vivobook-15-x1504va-intel-core-i5-1334u-8gb-ram-512gb-ssd-linux-keepos-intel-iris-xe-tela-156-led-fhd-silver-nj1741/p/MLB50363568#polycard_client=search-nordic&search_layout=grid&position=1&type=product&tracking_id=7ef6f889-9326-44a3-849a-ea7a0ce8b800&wid=MLB4073075993&sid=search
2025-11-10 19:43:04;MercadoLivre;asus vivobook 15;Notebook Asus Vivobook Go 15 E1504ga Intel Core I3 N305 4gb Ram 128gb Ssd Windows 11 Tela 15,6 Fhd Silver - Nj440w;R$ 2.399;I3;4GB;4GB;N/A;N/A;https://www.mercadolivre.com.br/notebook-asus-vivobook-go-15-e1504ga-intel-core-i3-n305-4gb-ram-128gb-ssd-windows-11-tela-156-fhd-silver-nj440w/p/MLB36361419#polycard_client=search-nordic&search_layout=grid&position=2&type=product&tracking_id=7ef6f889-9326-44a3-849a-ea7a0ce8b800&wid=MLB4648799558&sid=search
2025-11-10 19:43:04;MercadoLivre;asus vivobook 15;"Notebook ASUS Vivobook 15, Intel Core i5 1334U 1,3 GHz, 8GB Ram, 256GB SSD, KeepOS Linux, Tela 15,6"" FHD, Cool Silver - X1504VA-NJ1739";R$ 2.899;I5;8GB;8GB;N/A;N/A;https://www.mercadolivre.com.br/notebook-asus-vivobook-15-intel-core-i5-1334u-13-ghz-8gb-ram-256gb-ssd-keepos-linux-tela-156-fhd-cool-silver-x1504va-nj1739/p/MLB48952658#polycard_client=search-nordic&search_layout=grid&position=3&type=product&tracking_id=7ef6f889-9326-44a3-849a-ea7a0ce8b800&wid=MLB4109922109&sid=search
2025-11-10 19:43:04;MercadoLivre;asus vivobook 15;"Notebook ASUS Vivobook Go 15 E1504GA Intel Core i3 N305 8GB Ram 256GB SSD Windows 11 Home Tela 15,6"" FHD Silver - NJ434W";R$ 3.499;I3;8GB;8GB;N/A;N/A;https://www.mercadolivre.com.br/notebook-asus-vivobook-go-15-e1504ga-intel-core-i3-n305-8gb-ram-256gb-ssd-windows-11-home-tela-156-fhd-silver-nj434w/p/MLB34017480#polycard_client=search-nordic&search_layout=grid&position=4&type=product&tracking_id=7ef6f889-9326-44a3-849a-ea7a0ce8b800&wid=MLB5690841412&sid=search
2025-11-10 19:43:04;MercadoLivre;asus vivobook 15;"Notebook ASUS Vivobook 15, Intel Core i5 1334U 1,3 GHz, 8GB Ram, 256GB SSD, Tela 15,6"" FHD, Windows 11 Home , Quiet Blue - X1504VA-NJ1737W";R$ 3.249;I5;8GB;8GB;N/A;N/A;https://www.mercadolivre.com.br/notebook-asus-vivobook-15-intel-core-i5-1334u-13-ghz-8gb-ram-256gb-ssd-tela-156-fhd-windows-11-home-quiet-blue-x1504va-nj1737w/p/MLB48935047#polycard_client=search-nordic&search_layout=grid&position=5&type=product&tracking_id=7ef6f889-9326-44a3-849a-ea7a0ce8b800&wid=MLB4102913749&sid=search
2025-11-10 19:43:04;MercadoLivre;asus vivobook 15;Notebook Asus Vivobook 15 X1504va Intel Core I5 1334u 8gb Ram 512gb Ssd Linux Keepos Intel Iris Xe Tela 15,6 Led Fhd Silver - Nj1741;R$ 2.999;I5;8GB;8GB;IRIS XE;N/A;https://www.mercadolivre.com.br/notebook-asus-vivobook-15-x1504va-intel-core-i5-1334u-8gb-ram-512gb-ssd-linux-keepos-intel-iris-xe-tela-156-led-fhd-silver-nj1741/p/MLB50363568#polycard_client=search-nordic&search_layout=grid&position=1&type=product&tracking_id=3bf9a2cb-a1d6-423e-9f94-f5d5dc7869a4&wid=MLB4073075993&sid=search
2025-11-10 19:43:04;MercadoLivre;asus vivobook 15;Notebook Asus Vivobook Go 15 E1504ga Intel Core I3 N305 4gb Ram 128gb Ssd Windows 11 Tela 15,6 Fhd Silver - Nj440w;R$ 2.399;I3;4GB;4GB;N/A;N/A;https://www.mercadolivre.com.br/notebook-asus-vivobook-go-15-e1504ga-intel-core-i3-n305-4gb-ram-128gb-ssd-windows-11-tela-156-fhd-silver-nj440w/p/MLB36361419#polycard_client=search-nordic&search_layout=grid&position=2&type=product&tracking_id=3bf9a2cb-a1d6-423e-9f94-f5d5dc7869a4&wid=MLB4648799558&sid=search
2025-11-10 19:43:04;MercadoLivre;asus vivobook 15;"Notebook ASUS Vivobook 15, Intel Core i5 1334U 1,3 GHz, 8GB Ram, 256GB SSD, KeepOS Linux, Tela 15,6"" FHD, Cool Silver - X1504VA-NJ1739";R$ 2.899;I5;8GB;8GB;N/A;N/A;https://www.mercadolivre.com.br/notebook-asus-vivobook-15-intel-core-i5-1334u-13-ghz-8gb-ram-256gb-ssd-keepos-linux-tela-156-fhd-cool-silver-x1504va-nj1739/p/MLB48952658#polycard_client=search-nordic&search_layout=grid&position=3&type=product&tracking_id=3bf9a2cb-a1d6-423e-9f94-f5d5dc7869a4&wid=MLB4109922109&sid=search
2025-11-10 19:43:04;MercadoLivre;asus vivobook 15;"Notebook ASUS Vivobook Go 15 E1504GA Intel Core i3 N305 8GB Ram 256GB SSD Windows 11 Home Tela 15,6"" FHD Silver - NJ434W";R$ 3.499;I3;8GB;8GB;N/A;N/A;https://www.mercadolivre.com.br/notebook-asus-vivobook-go-15-e1504ga-intel-core-i3-n305-8gb-ram-256gb-ssd-windows-11-home-tela-156-fhd-silver-nj434w/p/MLB34017480#polycard_client=search-nordic&search_layout=grid&position=4&type=product&tracking_id=3bf9a2cb-a1d6-423e-9f94-f5d5dc7869a4&wid=MLB5690841412&sid=search
2025-11-10 19:43:04;MercadoLivre;asus vivobook 15;"Notebook ASUS Vivobook 15, Intel Core i5 1334U 1,3 GHz, 8GB Ram, 256GB SSD, Tela 15,6"" FHD, Windows 11 Home , Quiet Blue - X1504VA-NJ1737W";R$ 3.249;I5;8GB;8GB;N/A;N/A;https://www.mercadolivre.com.br/notebook-asus-vivobook-15-intel-core-i5-1334u-13-ghz-8gb-ram-256gb-ssd-tela-156-fhd-windows-11-home-quiet-blue-x1504va-nj1737w/p/MLB48935047#polycard_client=search-nordic&search_layout=grid&position=5&type=product&tracking_id=3bf9a2cb-a1d6-423e-9f94-f5d5dc7869a4&wid=MLB4102913749&sid=search
2025-11-10 19:43:04;Amazon;lenovo ideapad 3;"Notebook Lenovo LOQ-e 15IAX9E Intel Core i5-12450HX 16GB 512GB SSD RTX 3050 Windows 11 Pro 15.6"" - 83ME000CBR Luna Grey";R$ 5.509,05;I5-12450HX;N/A;16GB;RTX;N/A;https://www.amazon.com.br/sspa/click?ie=UTF8&spc=MToyNzIwMzU4NTE3NDgyMTg3OjE3NjI4MDM4MTc6c3BfYXRmOjMwMDg3ODYxOTUxODMwMjo6MDo6&url=%2FNotebook-Lenovo-15IAX9E-i5-12450HX-Windows%2Fdp%2FB0DSXNFP1S%2Fref%3Dsr_1_1_sspa%3Fdib%3DeyJ2IjoiMSJ9.UkW_FPTFZgW1XTwfxgw-AuPOk5NlJhqcx-Td_uVbfAr9fhX53dSfzmaG4iWXE6yDANlU_dvED2sqGYYnsvPd7vgg5PglmLCbxyPL_lNWV9_maDfVd729NpDJjrUg00KgKr3ZNLULSMpCDqx4Yn7BAiXW8VJnNU8ERgMu5mdkl3afrPmGTKeWhHB1VtX46Vamj9aMynQUHOuuNIk7qSU8oX3wLiS8UfEc2zfW80KQ63pQidEMmU0NnUmUSEitALlPJQxYjEfRCtMp39T-5dkhPugCyLiet4pAKhdxBL7z1gk.Qf7DctBeBbr7cOktU-agHLEfhz11Df7f5_e-yIuHsxM%26dib_tag%3Dse%26keywords%3Dlenovo%2Bideapad%2B3%26qid%3D1762803817%26sr%3D8-1-spons%26ufe%3Dapp_do%253Aamzn1.fos.95de73c3-5dda-43a7-bd1f-63af03b14751%26sp_csd%3Dd2lkZ2V0TmFtZT1zcF9hdGY%26psc%3D1
2025-11-10 19:43:04;Amazon;lenovo ideapad 3;"Notebook Lenovo Yoga Slim 7 14IMH9 14"" Intel Core Ultra 7 155H 16GB 512GB SSD Windows 11-83GM0005BR Luna Grey";R$ 6.174,05;N/A;N/A;16GB;N/A;N/A;https://www.amazon.com.br/sspa/click?ie=UTF8&spc=MToyNzIwMzU4NTE3NDgyMTg3OjE3NjI4MDM4MTc6c3BfYXRmOjMwMDg3ODYxOTUxODkwMjo6MDo6&url=%2FNotebook-Lenovo-14IMH9-Windows-11-83GM0005BR%2Fdp%2FB0DR3GRCG2%2Fref%3Dsr_1_2_sspa%3Fdib%3DeyJ2IjoiMSJ9.UkW_FPTFZgW1XTwfxgw-AuPOk5NlJhqcx-Td_uVbfAr9fhX53dSfzmaG4iWXE6yDANlU_dvED2sqGYYnsvPd7vgg5PglmLCbxyPL_lNWV9_maDfVd729NpDJjrUg00KgKr3ZNLULSMpCDqx4Yn7BAiXW8VJnNU8ERgMu5mdkl3afrPmGTKeWhHB1VtX46Vamj9aMynQUHOuuNIk7qSU8oX3wLiS8UfEc2zfW80KQ63pQidEMmU0NnUmUSEitALlPJQxYjEfRCtMp39T-5dkhPugCyLiet4pAKhdxBL7z1gk.Qf7DctBeBbr7cOktU-agHLEfhz11Df7f5_e-yIuHsxM%26dib_tag%3Dse%26keywords%3Dlenovo%2Bideapad%2B3%26qid%3D1762803817%26sr%3D8-2-spons%26ufe%3Dapp_do%253Aamzn1.fos.95de73c3-5dda-43a7-bd1f-63af03b14751%26sp_csd%3Dd2lkZ2V0TmFtZT1zcF9hdGY%26psc%3D1
2025-11-10 19:43:04;Amazon;lenovo ideapad 3;"Notebook Lenovo Yoga 7x Snapdragon X Elite X1E-78-100 32GB 1TB SSD W11 14.5"" OLED 83ED001XBR";R$ 11.399,05;N/A;N/A;32GB;N/A;N/A;https://www.amazon.com.br/sspa/click?ie=UTF8&spc=MToyNzIwMzU4NTE3NDgyMTg3OjE3NjI4MDM4MTc6c3BfYXRmOjMwMDg3ODYxOTUxODgwMjo6MDo6&url=%2FNotebook-Lenovo-Snapdragon-X1E-78-100-83ED001XBR%2Fdp%2FB0DK16CS9R%2Fref%3Dsr_1_3_sspa%3Fdib%3DeyJ2IjoiMSJ9.UkW_FPTFZgW1XTwfxgw-AuPOk5NlJhqcx-Td_uVbfAr9fhX53dSfzmaG4iWXE6yDANlU_dvED2sqGYYnsvPd7vgg5PglmLCbxyPL_lNWV9_maDfVd729NpDJjrUg00KgKr3ZNLULSMpCDqx4Yn7BAiXW8VJnNU8ERgMu5mdkl3afrPmGTKeWhHB1VtX46Vamj9aMynQUHOuuNIk7qSU8oX3wLiS8UfEc2zfW80KQ63pQidEMmU0NnUmUSEitALlPJQxYjEfRCtMp39T-5dkhPugCyLiet4pAKhdxBL7z1gk.Qf7DctBeBbr7cOktU-agHLEfhz11Df7f5_e-yIuHsxM%26dib_tag%3Dse%26keywords%3Dlenovo%2Bideapad%2B3%26qid%3D1762803817%26sr%3D8-3-spons%26ufe%3Dapp_do%253Aamzn1.fos.95de73c3-5dda-43a7-bd1f-63af03b14751%26sp_csd%3Dd2lkZ2V0TmFtZT1zcF9hdGY%26psc%3D1
2025-11-10 19:43:04;Amazon;lenovo ideapad 3;"Notebook Gamer Legion 5 Intel Core i7-14650HX 16GB 512GB SSD RTX4060 8GB W11Home 16"" WQXGA 83EW0002BR";R$ 12.349,05;I7-14650HX;8GB;16GB;RTX;N/A;https://www.amazon.com.br/sspa/click?ie=UTF8&spc=MToyNzIwMzU4NTE3NDgyMTg3OjE3NjI4MDM4MTc6c3BfYXRmOjMwMDg3ODYxOTUxODQwMjo6MDo6&url=%2FNotebook-i7-14650HX-RTX4060-W11Home-83EW0002BR%2Fdp%2FB0DRMDNR7D%2Fref%3Dsr_1_4_sspa%3Fdib%3DeyJ2IjoiMSJ9.UkW_FPTFZgW1XTwfxgw-AuPOk5NlJhqcx-Td_uVbfAr9fhX53dSfzmaG4iWXE6yDANlU_dvED2sqGYYnsvPd7vgg5PglmLCbxyPL_lNWV9_maDfVd729NpDJjrUg00KgKr3ZNLULSMpCDqx4Yn7BAiXW8VJnNU8ERgMu5mdkl3afrPmGTKeWhHB1VtX46Vamj9aMynQUHOuuNIk7qSU8oX3wLiS8UfEc2zfW80KQ63pQidEMmU0NnUmUSEitALlPJQxYjEfRCtMp39T-5dkhPugCyLiet4pAKhdxBL7z1gk.Qf7DctBeBbr7cOktU-agHLEfhz11Df7f5_e-yIuHsxM%26dib_tag%3Dse%26keywords%3Dlenovo%2Bideapad%2B3%26qid%3D1762803817%26sr%3D8-4-spons%26ufe%3Dapp_do%253Aamzn1.fos.95de73c3-5dda-43a7-bd1f-63af03b14751%26sp_csd%3Dd2lkZ2V0TmFtZT1zcF9hdGY%26psc%3D1
2025-11-10 19:43:04;Amazon;lenovo ideapad 3;"Notebook Lenovo IdeaPad Slim 3 15IRH10 Intel Core i5-13420H 8GB 512GB SSD Windows 11 15.3"" - 83NS0002BR Luna Grey";R$ 2.849,05;I5-13420H;N/A;8GB;N/A;N/A;https://www.amazon.com.br/Notebook-Lenovo-IdeaPad-15IRH10-i5-13420H/dp/B0F7RVV292/ref=sr_1_5?dib=eyJ2IjoiMSJ9.UkW_FPTFZgW1XTwfxgw-AuPOk5NlJhqcx-Td_uVbfAr9fhX53dSfzmaG4iWXE6yDANlU_dvED2sqGYYnsvPd7vgg5PglmLCbxyPL_lNWV9_maDfVd729NpDJjrUg00KgKr3ZNLULSMpCDqx4Yn7BAiXW8VJnNU8ERgMu5mdkl3afrPmGTKeWhHB1VtX46Vamj9aMynQUHOuuNIk7qSU8oX3wLiS8UfEc2zfW80KQ63pQidEMmU0NnUmUSEitALlPJQxYjEfRCtMp39T-5dkhPugCyLiet4pAKhdxBL7z1gk.Qf7DctBeBbr7cOktU-agHLEfhz11Df7f5_e-yIuHsxM&dib_tag=se&keywords=lenovo+ideapad+3&qid=1762803817&sr=8-5&ufe=app_do%3Aamzn1.fos.95de73c3-5dda-43a7-bd1f-63af03b14751
2025-11-10 19:43:04;Amazon;lenovo ideapad 3;"Notebook Lenovo Yoga 7x Snapdragon X Elite X1E-78-100 32GB 1TB SSD W11 14.5"" OLED 83ED001XBR";R$ 11.399,05;N/A;N/A;32GB;N/A;N/A;https://www.amazon.com.br/sspa/click?ie=UTF8&spc=MTo3NDk1NzQyMDMxMzkwNTExOjE3NjI4MDM4MjI6c3BfYXRmX25leHQ6MzAwODc4NjE5NTE4ODAyOjowOjo&url=%2FNotebook-Lenovo-Snapdragon-X1E-78-100-83ED001XBR%2Fdp%2FB0DK16CS9R%2Fref%3Dsr_1_49_sspa%3Fdib%3DeyJ2IjoiMSJ9.511Ft922W-l7CaQOPfVsV_55EXaQstlDI341zIZHRNXyd2HiiM__yqUs6V5sYzmeOcjc4ODhpK89CKhvGXPw9tMabTy2IbgeDDZqZGPCHDma_vDT1IO4ioFE2IlmrUbzMETuFXJEbGezdkw4c2eWjFF_lrnHq3jq5pweLd3OOmCSzShfrjC1qHlu-zKAjYrFXn4QA9CQBORYDwJEwb_XFmexsrKi6NRY_wIRJbvkVkmQCv1K1ofh6G2bnlEcpr2qGhGgVVw7UuPwWrMKujWItBeWCayGrJdaRbZCWzHrqro.PFT6agqyHlklIsJkL7dFJlH6sSufmZ23U7FZuZx6Vng%26dib_tag%3Dse%26keywords%3Dlenovo%2Bideapad%2B3%26qid%3D1762803822%26sr%3D8-49-spons%26ufe%3Dapp_do%253Aamzn1.fos.95de73c3-5dda-43a7-bd1f-63af03b14751%26sp_csd%3Dd2lkZ2V0TmFtZT1zcF9hdGZfbmV4dA%26psc%3D1
2025-11-10 19:43:04;Amazon;lenovo ideapad 3;"Notebook Lenovo Yoga Slim 7 14IMH9 14"" Intel Core Ultra 7 155H 16GB 512GB SSD Windows 11-83GM0005BR Luna Grey";R$ 6.174,05;N/A;N/A;16GB;N/A;N/A;https://www.amazon.com.br/sspa/click?ie=UTF8&spc=MTo3NDk1NzQyMDMxMzkwNTExOjE3NjI4MDM4MjI6c3BfYXRmX25leHQ6MzAwODc4NjE5NTE4OTAyOjowOjo&url=%2FNotebook-Lenovo-14IMH9-Windows-11-83GM0005BR%2Fdp%2FB0DR3GRCG2%2Fref%3Dsr_1_50_sspa%3Fdib%3DeyJ2IjoiMSJ9.511Ft922W-l7CaQOPfVsV_55EXaQstlDI341zIZHRNXyd2HiiM__yqUs6V5sYzmeOcjc4ODhpK89CKhvGXPw9tMabTy2IbgeDDZqZGPCHDma_vDT1IO4ioFE2IlmrUbzMETuFXJEbGezdkw4c2eWjFF_lrnHq3jq5pweLd3OOmCSzShfrjC1qHlu-zKAjYrFXn4QA9CQBORYDwJEwb_XFmexsrKi6NRY_wIRJbvkVkmQCv1K1ofh6G2bnlEcpr2qGhGgVVw7UuPwWrMKujWItBeWCayGrJdaRbZCWzHrqro.PFT6agqyHlklIsJkL7dFJlH6sSufmZ23U7FZuZx6Vng%26dib_tag%3Dse%26keywords%3Dlenovo%2Bideapad%2B3%26qid%3D1762803822%26sr%3D8-50-spons%26ufe%3Dapp_do%253Aamzn1.fos.95de73c3-5dda-43a7-bd1f-63af03b14751%26sp_csd%3Dd2lkZ2V0TmFtZT1zcF9hdGZfbmV4dA%26psc%3D1
2025-11-10 19:43:04;Amazon;lenovo ideapad 3;"Notebook Gamer Legion 5 Intel Core i7-14650HX 16GB 512GB SSD RTX4060 8GB W11Home 16"" WQXGA 83EW0002BR";R$ 12.349,05;I7-14650HX;8GB;16GB;RTX;N/A;https://www.amazon.com.br/sspa/click?ie=UTF8&spc=MTo3NDk1NzQyMDMxMzkwNTExOjE3NjI4MDM4MjI6c3BfYXRmX25leHQ6MzAwODc4NjE5NTE4NDAyOjowOjo&url=%2FNotebook-i7-14650HX-RTX4060-W11Home-83EW0002BR%2Fdp%2FB0DRMDNR7D%2Fref%3Dsr_1_51_sspa%3Fdib%3DeyJ2IjoiMSJ9.511Ft922W-l7CaQOPfVsV_55EXaQstlDI341zIZHRNXyd2HiiM__yqUs6V5sYzmeOcjc4ODhpK89CKhvGXPw9tMabTy2IbgeDDZqZGPCHDma_vDT1IO4ioFE2IlmrUbzMETuFXJEbGezdkw4c2eWjFF_lrnHq3jq5pweLd3OOmCSzShfrjC1qHlu-zKAjYrFXn4QA9CQBORYDwJEwb_XFmexsrKi6NRY_wIRJbvkVkmQCv1K1ofh6G2bnlEcpr2qGhGgVVw7UuPwWrMKujWItBeWCayGrJdaRbZCWzHrqro.PFT6agqyHlklIsJkL7dFJlH6sSufmZ23U7FZuZx6Vng%26dib_tag%3Dse%26keywords%3Dlenovo%2Bideapad%2B3%26qid%3D1762803822%26sr%3D8-51-spons%26ufe%3Dapp_do%253Aamzn1.fos.95de73c3-5dda-43a7-bd1f-63af03b14751%26sp_csd%3Dd2lkZ2V0TmFtZT1zcF9hdGZfbmV4dA%26psc%3D1
2025-11-10 19:43:04;Amazon;lenovo ideapad 3;"Notebook Lenovo LOQ-e 15IAX9E Intel Core i5-12450HX 16GB 512GB SSD RTX 3050 Windows 11 Pro 15.6"" - 83ME000CBR Luna Grey";R$ 5.509,05;I5-12450HX;N/A;16GB;RTX;N/A;https://www.amazon.com.br/sspa/click?ie=UTF8&spc=MTo3NDk1NzQyMDMxMzkwNTExOjE3NjI4MDM4MjI6c3BfYXRmX25leHQ6MzAwODc4NjE5NTE4MzAyOjowOjo&url=%2FNotebook-Lenovo-15IAX9E-i5-12450HX-Windows%2Fdp%2FB0DSXNFP1S%2Fref%3Dsr_1_52_sspa%3Fdib%3DeyJ2IjoiMSJ9.511Ft922W-l7CaQOPfVsV_55EXaQstlDI341zIZHRNXyd2HiiM__yqUs6V5sYzmeOcjc4ODhpK89CKhvGXPw9tMabTy2IbgeDDZqZGPCHDma_vDT1IO4ioFE2IlmrUbzMETuFXJEbGezdkw4c2eWjFF_lrnHq3jq5pweLd3OOmCSzShfrjC1qHlu-zKAjYrFXn4QA9CQBORYDwJEwb_XFmexsrKi6NRY_wIRJbvkVkmQCv1K1ofh6G2bnlEcpr2qGhGgVVw7UuPwWrMKujWItBeWCayGrJdaRbZCWzHrqro.PFT6agqyHlklIsJkL7dFJlH6sSufmZ23U7FZuZx6Vng%26dib_tag%3Dse%26keywords%3Dlenovo%2Bideapad%2B3%26qid%3D1762803822%26sr%3D8-52-spons%26ufe%3Dapp_do%253Aamzn1.fos.95de73c3-5dda-43a7-bd1f-63af03b14751%26sp_csd%3Dd2lkZ2V0TmFtZT1zcF9hdGZfbmV4dA%26psc%3D1
2025-11-10 19:43:04;Amazon;lenovo ideapad 3;Notebook Acer Aspire 5 A15-51M-54E6 Intel Core I5 13° Geração H 8GB RAM 512GB SSD Tela 15.6 TN FHD 60Hz (UHD para processadores Intel) Windows 11 Home;R$ 2.754,05;I5;8GB;8GB;N/A;N/A;https://www.amazon.com.br/Notebook-A15-51M-54E6-Gera%C3%A7%C3%A3o-processadores-Windows/dp/B0DM6Q9K97/ref=sr_1_53?dib=eyJ2IjoiMSJ9.511Ft922W-l7CaQOPfVsV_55EXaQstlDI341zIZHRNXyd2HiiM__yqUs6V5sYzmeOcjc4ODhpK89CKhvGXPw9tMabTy2IbgeDDZqZGPCHDma_vDT1IO4ioFE2IlmrUbzMETuFXJEbGezdkw4c2eWjFF_lrnHq3jq5pweLd3OOmCSzShfrjC1qHlu-zKAjYrFXn4QA9CQBORYDwJEwb_XFmexsrKi6NRY_wIRJbvkVkmQCv1K1ofh6G2bnlEcpr2qGhGgVVw7UuPwWrMKujWItBeWCayGrJdaRbZCWzHrqro.PFT6agqyHlklIsJkL7dFJlH6sSufmZ23U7FZuZx6Vng&dib_tag=se&keywords=lenovo+ideapad+3&qid=1762803822&sr=8-53&ufe=app_do%3Aamzn1.fos.9e6a115c-05b9-4b96-8e1c-b1f9ce2ac1a6
2025-11-10 19:43:04;MercadoLivre;lenovo ideapad 3;Notebook Lenovo Ideapad 1 15iru7 Intel Core i3-1315u 8gb 256gb Ssd Windows 11 15.6 - 83qj0001bo Cloud Grey;R$ 4.150;I3-1315U;N/A;8GB;N/A;N/A;https://www.mercadolivre.com.br/notebook-lenovo-ideapad-1-15iru7-intel-core-i3-1315u-8gb-256gb-ssd-windows-11-156-83qj0001bo-cloud-grey/p/MLB52907400#polycard_client=search-nordic&search_layout=grid&position=1&type=product&tracking_id=8993f59c-6a1f-4911-b859-3de00c25ad1e&wid=MLB5725028074&sid=search
2025-11-10 19:43:04;MercadoLivre;lenovo ideapad 3;Notebook Lenovo Ideapad 1i Intel Core I3 - 1215U, 4GB RAM, 256GB SSD, Windows 11 Home, Tela 15.6'' - 82VY000TBR Cor cinza;R$ 3.064;I3 - 1215U;4GB;4GB;N/A;"15.6""";https://www.mercadolivre.com.br/notebook-lenovo-ideapad-1i-intel-core-i3-1215u-4gb-ram-256gb-ssd-windows-11-home-tela-156-82vy000tbr-cor-cinza/p/MLB28131253#polycard_client=search-nordic&search_layout=grid&position=2&type=product&tracking_id=8993f59c-6a1f-4911-b859-3de00c25ad1e&wid=MLB3993954835&sid=search
2025-11-10 19:43:04;MercadoLivre;lenovo ideapad 3;"Notebook Lenovo IdeaPad Slim 3 15IRH10 Intel Core i5-13420H 8GB 512GB SSD Windows 11 15.3"" - 83NS0002BR Luna Grey";R$ 4.855;I5-13420H;N/A;8GB;N/A;N/A;https://www.mercadolivre.com.br/notebook-lenovo-ideapad-slim-3-15irh10-intel-core-i5-13420h-8gb-512gb-ssd-windows-11-153-83ns0002br-luna-grey/p/MLB51233304#polycard_client=search-nordic&search_layout=grid&position=3&type=product&tracking_id=8993f59c-6a1f-4911-b859-3de00c25ad1e&wid=MLB5761444412&sid=search
2025-11-10 19:43:04;MercadoLivre;lenovo ideapad 3;Notebook Lenovo Ideapad Slim 3 15irh10 Intel Core i5-13420h 16gb 512gb Ssd Windows 11 15.3 - 83ns0001br Luna Grey;R$ 3.549;I5-13420H;N/A;16GB;N/A;N/A;https://www.mercadolivre.com.br/notebook-lenovo-ideapad-slim-3-15irh10-intel-core-i5-13420h-16gb-512gb-ssd-windows-11-153-83ns0001br-luna-grey/p/MLB51233306#polycard_client=search-nordic&search_layout=grid&position=4&type=product&tracking_id=8993f59c-6a1f-4911-b859-3de00c25ad1e&wid=MLB5435583568&sid=search
2025-11-10 19:43:04;MercadoLivre;lenovo ideapad 3;Notebook Lenovo Ideapad 1 15amn7 Amd Ryzen 3 7320u 8gb 256gb Ssd Windows 11 15.6 - 82x5000mbr Cloud Grey;R$ 2.249;RYZEN 3;N/A;8GB;N/A;N/A;https://www.mercadolivre.com.br/notebook-lenovo-ideapad-1-15amn7-amd-ryzen-3-7320u-8gb-256gb-ssd-windows-11-156-82x5000mbr-cloud-grey/p/MLB52907392#polycard_client=search-nordic&search_layout=grid&position=5&type=product&tracking_id=8993f59c-6a1f-4911-b859-3de00c25ad1e&wid=MLB5892860922&sid=search
2025-11-10 19:43:04;MercadoLivre;lenovo ideapad 3;Notebook Lenovo Ideapad 1 15iru7 Intel Core i3-1315u 8gb 256gb Ssd Windows 11 15.6 - 83qj0001bo Cloud Grey;R$ 4.150;I3-1315U;N/A;8GB;N/A;N/A;https://www.mercadolivre.com.br/notebook-lenovo-ideapad-1-15iru7-intel-core-i3-1315u-8gb-256gb-ssd-windows-11-156-83qj0001bo-cloud-grey/p/MLB52907400#polycard_client=search-nordic&search_layout=grid&position=1&type=product&tracking_id=9545d286-be64-4655-900a-f001bef520c8&wid=MLB5725028074&sid=search
2025-11-10 19:43:04;MercadoLivre;lenovo ideapad 3;Notebook Lenovo Ideapad 1i Intel Core I3 - 1215U, 4GB RAM, 256GB SSD, Windows 11 Home, Tela 15.6'' - 82VY000TBR Cor cinza;R$ 3.064;I3 - 1215U;4GB;4GB;N/A;"15.6""";https://www.mercadolivre.com.br/notebook-lenovo-ideapad-1i-intel-core-i3-1215u-4gb-ram-256gb-ssd-windows-11-home-tela-156-82vy000tbr-cor-cinza/p/MLB28131253#polycard_client=search-nordic&search_layout=grid&position=2&type=product&tracking_id=9545d286-be64-4655-900a-f001bef520c8&wid=MLB3993954835&sid=search
2025-11-10 19:43:04;MercadoLivre;lenovo ideapad 3;"Notebook Lenovo IdeaPad Slim 3 15IRH10 Intel Core i5-13420H 8GB 512GB SSD Windows 11 15.3"" - 83NS0002BR Luna Grey";R$ 4.855;I5-13420H;N/A;8GB;N/A;N/A;https://www.mercadolivre.com.br/notebook-lenovo-ideapad-slim-3-15irh10-intel-core-i5-13420h-8gb-512gb-ssd-windows-11-153-83ns0002br-luna-grey/p/MLB51233304#polycard_client=search-nordic&search_layout=grid&position=3&type=product&tracking_id=9545d286-be64-4655-900a-f001bef520c8&wid=MLB5761444412&sid=search
2025-11-10 19:43:04;MercadoLivre;lenovo ideapad 3;Notebook Lenovo Ideapad Slim 3 15irh10 Intel Core i5-13420h 16gb 512gb Ssd Windows 11 15.3 - 83ns0001br Luna Grey;R$ 3.549;I5-13420H;N/A;16GB;N/A;N/A;https://www.mercadolivre.com.br/notebook-lenovo-ideapad-slim-3-15irh10-intel-core-i5-13420h-16gb-512gb-ssd-windows-11-153-83ns0001br-luna-grey/p/MLB51233306#polycard_client=search-nordic&search_layout=grid&position=4&type=product&tracking_id=9545d286-be64-4655-900a-f001bef520c8&wid=MLB5435583568&sid=search
2025-11-10 19:43:04;MercadoLivre;lenovo ideapad 3;Notebook Lenovo Ideapad 1 15amn7 Amd Ryzen 3 7320u 8gb 256gb Ssd Windows 11 15.6 - 82x5000mbr Cloud Grey;R$ 2.249;RYZEN 3;N/A;8GB;N/A;N/A;https://www.mercadolivre.com.br/notebook-lenovo-ideapad-1-15amn7-amd-ryzen-3-7320u-8gb-256gb-ssd-windows-11-156-82x5000mbr-cloud-grey/p/MLB52907392#polycard_client=search-nordic&search_layout=grid&position=5&type=product&tracking_id=9545d286-be64-4655-900a-f001bef520c8&wid=MLB5892860922&sid=search
2025-11-10 19:43:04;Amazon;acer nitro 5;"Notebook Gamer Legion 5 Intel Core i7-14650HX 16GB 512GB SSD RTX4060 8GB W11Home 16"" WQXGA 83EW0002BR";R$ 12.349,05;I7-14650HX;8GB;16GB;RTX;N/A;https://www.amazon.com.br/sspa/click?ie=UTF8&spc=MTo1NDQ1OTk0MjI4MDM0MTg6MTc2MjgwMzg0NjpzcF9hdGY6MzAwODc4NjE5NTE4NDAyOjowOjo&url=%2FNotebook-i7-14650HX-RTX4060-W11Home-83EW0002BR%2Fdp%2FB0DRMDNR7D%2Fref%3Dsr_1_1_sspa%3Fdib%3DeyJ2IjoiMSJ9.pMVEHnEQoW7HK4euDjumXu78vLt5MsinY2DVOmNzLWiCn6QivcXYBErQjjUo7KSk3SSRRX2dUw2QIbofwhfRiQVHLrSns7jy4f_uHNPFd6Y94gHwh1s9hYMObAS7aDa5GH9W9pKr54_yLuGChfuIYtRsV46f6q48hs_Xa6bCtd6eYYo0gmjVfQiTNvEPnRsr8VcmhfxHC9nVRHl5rC23gHy0N-sQvXrYEQorp-FzpPwAJmonvTefOKVs1RAhzCBMfBf6j87YxfdxxxZJ3v_S429tlex7xOHz4z-FJpVnVzY.50_VnZ1Az9GaTDozKb47biKKwb4siIfAxG_uvEMVPOs%26dib_tag%3Dse%26keywords%3Dacer%2Bnitro%2B5%26qid%3D1762803846%26sr%3D8-1-spons%26ufe%3Dapp_do%253Aamzn1.fos.95de73c3-5dda-43a7-bd1f-63af03b14751%26sp_csd%3Dd2lkZ2V0TmFtZT1zcF9hdGY%26psc%3D1
2025-11-10 19:43:04;Amazon;acer nitro 5;"Notebook Lenovo LOQ-e 15IAX9E Intel Core i5-12450HX 16GB 512GB SSD RTX 3050 Windows 11 Pro 15.6"" - 83ME000CBR Luna Grey";R$ 5.509,05;I5-12450HX;N/A;16GB;RTX;N/A;https://www.amazon.com.br/sspa/click?ie=UTF8&spc=MTo1NDQ1OTk0MjI4MDM0MTg6MTc2MjgwMzg0NjpzcF9hdGY6MzAwODc4NjE5NTE4MzAyOjowOjo&url=%2FNotebook-Lenovo-15IAX9E-i5-12450HX-Windows%2Fdp%2FB0DSXNFP1S%2Fref%3Dsr_1_2_sspa%3Fdib%3DeyJ2IjoiMSJ9.pMVEHnEQoW7HK4euDjumXu78vLt5MsinY2DVOmNzLWiCn6QivcXYBErQjjUo7KSk3SSRRX2dUw2QIbofwhfRiQVHLrSns7jy4f_uHNPFd6Y94gHwh1s9hYMObAS7aDa5GH9W9pKr54_yLuGChfuIYtRsV46f6q48hs_Xa6bCtd6eYYo0gmjVfQiTNvEPnRsr8VcmhfxHC9nVRHl5rC23gHy0N-sQvXrYEQorp-FzpPwAJmonvTefOKVs1RAhzCBMfBf6j87YxfdxxxZJ3v_S429tlex7xOHz4z-FJpVnVzY.50_VnZ1Az9GaTDozKb47biKKwb4siIfAxG_uvEMVPOs%26dib_tag%3Dse%26keywords%3Dacer%2Bnitro%2B5%26qid%3D1762803846%26sr%3D8-2-spons%26ufe%3Dapp_do%253Aamzn1.fos.95de73c3-5dda-43a7-bd1f-63af03b14751%26sp_csd%3Dd2lkZ2V0TmFtZT1zcF9hdGY%26psc%3D1
2025-11-10 19:43:04;Amazon;acer nitro 5;"Notebook Lenovo Yoga Slim 7 14IMH9 14"" Intel Core Ultra 7 155H 16GB 512GB SSD Windows 11-83GM0005BR Luna Grey";R$ 6.174,05;N/A;N/A;16GB;N/A;N/A;https://www.amazon.com.br/sspa/click?ie=UTF8&spc=MTo1NDQ1OTk0MjI4MDM0MTg6MTc2MjgwMzg0NjpzcF9hdGY6MzAwODc4NjE5NTE4OTAyOjowOjo&url=%2FNotebook-Lenovo-14IMH9-Windows-11-83GM0005BR%2Fdp%2FB0DR3GRCG2%2Fref%3Dsr_1_3_sspa%3Fdib%3DeyJ2IjoiMSJ9.pMVEHnEQoW7HK4euDjumXu78vLt5MsinY2DVOmNzLWiCn6QivcXYBErQjjUo7KSk3SSRRX2dUw2QIbofwhfRiQVHLrSns7jy4f_uHNPFd6Y94gHwh1s9hYMObAS7aDa5GH9W9pKr54_yLuGChfuIYtRsV46f6q48hs_Xa6bCtd6eYYo0gmjVfQiTNvEPnRsr8VcmhfxHC9nVRHl5rC23gHy0N-sQvXrYEQorp-FzpPwAJmonvTefOKVs1RAhzCBMfBf6j87YxfdxxxZJ3v_S429tlex7xOHz4z-FJpVnVzY.50_VnZ1Az9GaTDozKb47biKKwb4siIfAxG_uvEMVPOs%26dib_tag%3Dse%26keywords%3Dacer%2Bnitro%2B5%26qid%3D1762803846%26sr%3D8-3-spons%26ufe%3Dapp_do%253Aamzn1.fos.95de73c3-5dda-43a7-bd1f-63af03b14751%26sp_csd%3Dd2lkZ2V0TmFtZT1zcF9hdGY%26psc%3D1
2025-11-10 19:43:04;Amazon;acer nitro 5;Notebook Gamer Acer Nitro V15 ANV15-51-57WS i5 13ªGen Linux Gutta 8GB 512GB SSD RTX3050 15.6' FHD;R$ 4.186,00;I5;N/A;8GB;RTX;N/A;https://www.amazon.com.br/sspa/click?ie=UTF8&spc=MTo1NDQ1OTk0MjI4MDM0MTg6MTc2MjgwMzg0NjpzcF9hdGY6MzAxMDI3ODA0NzQwNzAyOjowOjo&url=%2FNotebook-Gamer-ANV15-51-57WS-13%25C2%25AAGen-RTX3050%2Fdp%2FB0B8YWZDFR%2Fref%3Dsr_1_4_sspa%3Fdib%3DeyJ2IjoiMSJ9.pMVEHnEQoW7HK4euDjumXu78vLt5MsinY2DVOmNzLWiCn6QivcXYBErQjjUo7KSk3SSRRX2dUw2QIbofwhfRiQVHLrSns7jy4f_uHNPFd6Y94gHwh1s9hYMObAS7aDa5GH9W9pKr54_yLuGChfuIYtRsV46f6q48hs_Xa6bCtd6eYYo0gmjVfQiTNvEPnRsr8VcmhfxHC9nVRHl5rC23gHy0N-sQvXrYEQorp-FzpPwAJmonvTefOKVs1RAhzCBMfBf6j87YxfdxxxZJ3v_S429tlex7xOHz4z-FJpVnVzY.50_VnZ1Az9GaTDozKb47biKKwb4siIfAxG_uvEMVPOs%26dib_tag%3Dse%26keywords%3Dacer%2Bnitro%2B5%26qid%3D1762803846%26sr%3D8-4-spons%26ufe%3Dapp_do%253Aamzn1.fos.95de73c3-5dda-43a7-bd1f-63af03b14751%26sp_csd%3Dd2lkZ2V0TmFtZT1zcF9hdGY%26psc%3D1
2025-11-10 19:43:04;Amazon;acer nitro 5;Notebook Gamer Acer Nitro V15 ANV15-51-57WS i5 13ªGen Linux Gutta 8GB 512GB SSD RTX3050 15.6' FHD;R$ 4.186,00;I5;N/A;8GB;RTX;N/A;https://www.amazon.com.br/Notebook-Gamer-ANV15-51-57WS-13%C2%AAGen-RTX3050/dp/B0B8YWZDFR/ref=sr_1_5?dib=eyJ2IjoiMSJ9.pMVEHnEQoW7HK4euDjumXu78vLt5MsinY2DVOmNzLWiCn6QivcXYBErQjjUo7KSk3SSRRX2dUw2QIbofwhfRiQVHLrSns7jy4f_uHNPFd6Y94gHwh1s9hYMObAS7aDa5GH9W9pKr54_yLuGChfuIYtRsV46f6q48hs_Xa6bCtd6eYYo0gmjVfQiTNvEPnRsr8VcmhfxHC9nVRHl5rC23gHy0N-sQvXrYEQorp-FzpPwAJmonvTefOKVs1RAhzCBMfBf6j87YxfdxxxZJ3v_S429tlex7xOHz4z-FJpVnVzY.50_VnZ1Az9GaTDozKb47biKKwb4siIfAxG_uvEMVPOs&dib_tag=se&keywords=acer+nitro+5&qid=1762803846&sr=8-5&ufe=app_do%3Aamzn1.fos.95de73c3-5dda-43a7-bd1f-63af03b14751
2025-11-10 19:43:04;Amazon;acer nitro 5;"MONITOR GAMER SAMSUNG ODYSSEY G30 24"" 144Hz 1ms AMD FreeSync Premium";R$ 679,00;N/A;N/A;N/A;N/A;N/A;https://www.amazon.com.br/sspa/click?ie=UTF8&spc=MTo2MDczNDE0ODc4NzU3MDc0OjE3NjI4MDM4NTU6c3BfYXRmX25leHQ6MzAxMDQ1NjM2MzU4ODAyOjowOjo&url=%2FMONITOR-SAMSUNG-ODYSSEY-G30-24%2Fdp%2FB0BTJ86YFZ%2Fref%3Dsr_1_49_sspa%3Fdib%3DeyJ2IjoiMSJ9.mzG3azUerkCCIAXR4wnGHfv5WcovP3hXIX9FnhzvztSTpNswgqwLk8N760gCnSeW2aZ4IS74vhaaqiDnpizwKV4YArcKR0Z9xwnGTZRjxXJoZi2IyLdLhiHnft4kw-ovDqQP5DFMEQs2D6ZJRK8BCyLzvfXGijXTJrENVbgdtMLTU_EFuPgFH2xWCG0kVLCmRqb_0gCegV0e1ftRNxgtKv2q36EhH-y55oUBqw5dUFO2Cmp_PqGJm8vMKWG-7wlyT-IL3C_u1pzNlMcvYmVuyU6XGRWXlXf8hfjcCKtl6Tk.KpvZOFiT8gzct6UmX5tL19DyEc9UMvYtdkaAhbEflVU%26dib_tag%3Dse%26keywords%3Dacer%2Bnitro%2B5%26qid%3D1762803855%26sr%3D8-49-spons%26ufe%3Dapp_do%253Aamzn1.fos.25548f35-0de7-44b3-b28e-0f56f3f96147%26sp_csd%3Dd2lkZ2V0TmFtZT1zcF9hdGZfbmV4dA%26psc%3D1
2025-11-10 19:43:04;Amazon;acer nitro 5;"Notebook Lenovo Yoga 7x Snapdragon X Elite X1E-78-100 32GB 1TB SSD W11 14.5"" OLED 83ED001XBR";R$ 11.399,05;N/A;N/A;32GB;N/A;N/A;https://www.amazon.com.br/sspa/click?ie=UTF8&spc=MTo2MDczNDE0ODc4NzU3MDc0OjE3NjI4MDM4NTU6c3BfYXRmX25leHQ6MzAwODc4NjE5NTE4ODAyOjowOjo&url=%2FNotebook-Lenovo-Snapdragon-X1E-78-100-83ED001XBR%2Fdp%2FB0DK16CS9R%2Fref%3Dsr_1_50_sspa%3Fdib%3DeyJ2IjoiMSJ9.mzG3azUerkCCIAXR4wnGHfv5WcovP3hXIX9FnhzvztSTpNswgqwLk8N760gCnSeW2aZ4IS74vhaaqiDnpizwKV4YArcKR0Z9xwnGTZRjxXJoZi2IyLdLhiHnft4kw-ovDqQP5DFMEQs2D6ZJRK8BCyLzvfXGijXTJrENVbgdtMLTU_EFuPgFH2xWCG0kVLCmRqb_0gCegV0e1ftRNxgtKv2q36EhH-y55oUBqw5dUFO2Cmp_PqGJm8vMKWG-7wlyT-IL3C_u1pzNlMcvYmVuyU6XGRWXlXf8hfjcCKtl6Tk.KpvZOFiT8gzct6UmX5tL19DyEc9UMvYtdkaAhbEflVU%26dib_tag%3Dse%26keywords%3Dacer%2Bnitro%2B5%26qid%3D1762803855%26sr%3D8-50-spons%26ufe%3Dapp_do%253Aamzn1.fos.95de73c3-5dda-43a7-bd1f-63af03b14751%26sp_csd%3Dd2lkZ2V0TmFtZT1zcF9hdGZfbmV4dA%26psc%3D1
2025-11-10 19:43:04;Amazon;acer nitro 5;"Notebook Gamer Legion 5 Intel Core i7-14650HX 16GB 512GB SSD RTX4060 8GB W11Home 16"" WQXGA 83EW0002BR";R$ 12.349,05;I7-14650HX;8GB;16GB;RTX;N/A;https://www.amazon.com.br/sspa/click?ie=UTF8&spc=MTo2MDczNDE0ODc4NzU3MDc0OjE3NjI4MDM4NTU6c3BfYXRmX25leHQ6MzAwODc4NjE5NTE4NDAyOjowOjo&url=%2FNotebook-i7-14650HX-RTX4060-W11Home-83EW0002BR%2Fdp%2FB0DRMDNR7D%2Fref%3Dsr_1_51_sspa%3Fdib%3DeyJ2IjoiMSJ9.mzG3azUerkCCIAXR4wnGHfv5WcovP3hXIX9FnhzvztSTpNswgqwLk8N760gCnSeW2aZ4IS74vhaaqiDnpizwKV4YArcKR0Z9xwnGTZRjxXJoZi2IyLdLhiHnft4kw-ovDqQP5DFMEQs2D6ZJRK8BCyLzvfXGijXTJrENVbgdtMLTU_EFuPgFH2xWCG0kVLCmRqb_0gCegV0e1ftRNxgtKv2q36EhH-y55oUBqw5dUFO2Cmp_PqGJm8vMKWG-7wlyT-IL3C_u1pzNlMcvYmVuyU6XGRWXlXf8hfjcCKtl6Tk.KpvZOFiT8gzct6UmX5tL19DyEc9UMvYtdkaAhbEflVU%26dib_tag%3Dse%26keywords%3Dacer%2Bnitro%2B5%26qid%3D1762803855%26sr%3D8-51-spons%26ufe%3Dapp_do%253Aamzn1.fos.95de73c3-5dda-43a7-bd1f-63af03b14751%26sp_csd%3Dd2lkZ2V0TmFtZT1zcF9hdGZfbmV4dA%26psc%3D1
2025-11-10 19:43:04;Amazon;acer nitro 5;"Notebook Lenovo LOQ-e 15IAX9E Intel Core i5-12450HX 16GB 512GB SSD RTX 3050 Windows 11 Pro 15.6"" - 83ME000CBR Luna Grey";R$ 5.509,05;I5-12450HX;N/A;16GB;RTX;N/A;https://www.amazon.com.br/sspa/click?ie=UTF8&spc=MTo2MDczNDE0ODc4NzU3MDc0OjE3NjI4MDM4NTU6c3BfYXRmX25leHQ6MzAwODc4NjE5NTE4MzAyOjowOjo&url=%2FNotebook-Lenovo-15IAX9E-i5-12450HX-Windows%2Fdp%2FB0DSXNFP1S%2Fref%3Dsr_1_52_sspa%3Fdib%3DeyJ2IjoiMSJ9.mzG3azUerkCCIAXR4wnGHfv5WcovP3hXIX9FnhzvztSTpNswgqwLk8N760gCnSeW2aZ4IS74vhaaqiDnpizwKV4YArcKR0Z9xwnGTZRjxXJoZi2IyLdLhiHnft4kw-ovDqQP5DFMEQs2D6ZJRK8BCyLzvfXGijXTJrENVbgdtMLTU_EFuPgFH2xWCG0kVLCmRqb_0gCegV0e1ftRNxgtKv2q36EhH-y55oUBqw5dUFO2Cmp_PqGJm8vMKWG-7wlyT-IL3C_u1pzNlMcvYmVuyU6XGRWXlXf8hfjcCKtl6Tk.KpvZOFiT8gzct6UmX5tL19DyEc9UMvYtdkaAhbEflVU%26dib_tag%3Dse%26keywords%3Dacer%2Bnitro%2B5%26qid%3D1762803855%26sr%3D8-52-spons%26ufe%3Dapp_do%253Aamzn1.fos.95de73c3-5dda-43a7-bd1f-63af03b14751%26sp_csd%3Dd2lkZ2V0TmFtZT1zcF9hdGZfbmV4dA%26psc%3D1
2025-11-10 19:43:04;Amazon;acer nitro 5;"Notebook ASUS VivoBook Go, 15 AMD RYZEN 5 7520U, 8 GB, 256 GB SSD, W11 Home Tela 15,6"" FHD, Mixed Black - E1504FA-NJ825W";R$ 2.899,00;RYZEN 5;N/A;8GB;N/A;N/A;https://www.amazon.com.br/Notebook-ASUS-VivoBook-RYZEN-7520U/dp/B0CQ2XRTNQ/ref=sr_1_53?dib=eyJ2IjoiMSJ9.mzG3azUerkCCIAXR4wnGHfv5WcovP3hXIX9FnhzvztSTpNswgqwLk8N760gCnSeW2aZ4IS74vhaaqiDnpizwKV4YArcKR0Z9xwnGTZRjxXJoZi2IyLdLhiHnft4kw-ovDqQP5DFMEQs2D6ZJRK8BCyLzvfXGijXTJrENVbgdtMLTU_EFuPgFH2xWCG0kVLCmRqb_0gCegV0e1ftRNxgtKv2q36EhH-y55oUBqw5dUFO2Cmp_PqGJm8vMKWG-7wlyT-IL3C_u1pzNlMcvYmVuyU6XGRWXlXf8hfjcCKtl6Tk.KpvZOFiT8gzct6UmX5tL19DyEc9UMvYtdkaAhbEflVU&dib_tag=se&keywords=acer+nitro+5&qid=1762803855&sr=8-53&ufe=app_do%3Aamzn1.fos.95de73c3-5dda-43a7-bd1f-63af03b14751
2025-11-10 19:43:04;MercadoLivre;acer nitro 5;Notebook Gamer Acer Nitro ANV15-51-51UZ Intel Ci5 13ªGen 16GB RAM 512GB SSD RTX4050 15.6”;R$ 6.999;I5;16GB;16GB;RTX;N/A;https://www.mercadolivre.com.br/notebook-gamer-acer-nitro-anv15-51-51uz-intel-ci5-13gen-16gb-ram-512gb-ssd-rtx4050-156/p/MLB50476987#polycard_client=search-nordic&search_layout=grid&position=1&type=product&tracking_id=106d88df-14cf-4f84-9769-1090c2fb8468&wid=MLB5493375402&sid=search
2025-11-10 19:43:04;MercadoLivre;acer nitro 5;Notebook Acer ANV15-52-52XM, Ci5 16gb 512gb RTX 4050 Linux;R$ 5.849;I5;16GB;16GB;RTX;N/A;https://www.mercadolivre.com.br/notebook-acer-anv15-52-52xm-ci5-16gb-512gb-rtx-4050-linux/p/MLB53924375#polycard_client=search-nordic&search_layout=grid&position=2&type=product&tracking_id=106d88df-14cf-4f84-9769-1090c2fb8468&wid=MLB5671447666&sid=search
2025-11-10 19:43:04;MercadoLivre;acer nitro 5;Notebook Acer Nitro V15 Anv15-52-96aq Intel® Core I9-13900h De 13° G 16gb 512gb Ssd Rtx4060 Windows 11 Home 15.6;R$ 8.999;I9-13900H;N/A;16GB;RTX;N/A;https://www.mercadolivre.com.br/notebook-acer-nitro-v15-anv15-52-96aq-intel-core-i9-13900h-de-13-g-16gb-512gb-ssd-rtx4060-windows-11-home-156/p/MLB52361455#polycard_client=search-nordic&search_layout=grid&position=3&type=product&tracking_id=106d88df-14cf-4f84-9769-1090c2fb8468&wid=MLB4126422181&sid=search
2025-11-10 19:43:04;MercadoLivre;acer nitro 5;Notebook Gamer Acer Nitro V15 ANV15-52-790M Intel® Core™ i7-13620H 13ªG 16GB RAM 512GB SSD RTX4060 15.6”;R$ 7.726;I7-13620H;16GB;16GB;RTX;N/A;https://www.mercadolivre.com.br/notebook-gamer-acer-nitro-v15-anv15-52-790m-intel-core-i7-13620h-13g-16gb-ram-512gb-ssd-rtx4060-156/p/MLB54279932#polycard_client=search-nordic&search_layout=grid&position=4&type=product&tracking_id=106d88df-14cf-4f84-9769-1090c2fb8468&wid=MLB4196187967&sid=search
2025-11-10 19:43:04;MercadoLivre;acer nitro 5;Notebook Acer Nitro V15 ANV15-51-58AZ Core I5-13420h 8gb 512gb Rtx 3050 Cor Preto;R$ 7.398;I5-13420H;8GB;8GB;RTX;N/A;https://www.mercadolivre.com.br/notebook-acer-nitro-v15-anv15-51-58az-core-i5-13420h-8gb-512gb-rtx-3050-cor-preto/p/MLB39107224#polycard_client=search-nordic&search_layout=grid&position=5&type=product&tracking_id=106d88df-14cf-4f84-9769-1090c2fb8468&wid=MLB5117986194&sid=search
2025-11-10 19:43:04;MercadoLivre;acer nitro 5;Notebook Gamer Acer Nitro ANV15-51-51UZ Intel Ci5 13ªGen 16GB RAM 512GB SSD RTX4050 15.6”;R$ 6.999;I5;16GB;16GB;RTX;N/A;https://www.mercadolivre.com.br/notebook-gamer-acer-nitro-anv15-51-51uz-intel-ci5-13gen-16gb-ram-512gb-ssd-rtx4050-156/p/MLB50476987#polycard_client=search-nordic&search_layout=grid&position=1&type=product&tracking_id=88b2cbd7-bc99-4f20-a78e-14ef5bd71e5d&wid=MLB5493375402&sid=search
2025-11-10 19:43:04;MercadoLivre;acer nitro 5;Notebook Acer ANV15-52-52XM, Ci5 16gb 512gb RTX 4050 Linux;R$ 5.849;I5;16GB;16GB;RTX;N/A;https://www.mercadolivre.com.br/notebook-acer-anv15-52-52xm-ci5-16gb-512gb-rtx-4050-linux/p/MLB53924375#polycard_client=search-nordic&search_layout=grid&position=2&type=product&tracking_id=88b2cbd7-bc99-4f20-a78e-14ef5bd71e5d&wid=MLB5671447666&sid=search
2025-11-10 19:43:04;MercadoLivre;acer nitro 5;Notebook Acer Nitro V15 Anv15-52-96aq Intel® Core I9-13900h De 13° G 16gb 512gb Ssd Rtx4060 Windows 11 Home 15.6;R$ 8.999;I9-13900H;N/A;16GB;RTX;N/A;https://www.mercadolivre.com.br/notebook-acer-nitro-v15-anv15-52-96aq-intel-core-i9-13900h-de-13-g-16gb-512gb-ssd-rtx4060-windows-11-home-156/p/MLB52361455#polycard_client=search-nordic&search_layout=grid&position=3&type=product&tracking_id=88b2cbd7-bc99-4f20-a78e-14ef5bd71e5d&wid=MLB4126422181&sid=search
2025-11-10 19:43:04;MercadoLivre;acer nitro 5;Notebook Gamer Acer Nitro V15 ANV15-52-790M Intel® Core™ i7-13620H 13ªG 16GB RAM 512GB SSD RTX4060 15.6”;R$ 7.726;I7-13620H;16GB;16GB;RTX;N/A;https://www.mercadolivre.com.br/notebook-gamer-acer-nitro-v15-anv15-52-790m-intel-core-i7-13620h-13g-16gb-ram-512gb-ssd-rtx4060-156/p/MLB54279932#polycard_client=search-nordic&search_layout=grid&position=4&type=product&tracking_id=88b2cbd7-bc99-4f20-a78e-14ef5bd71e5d&wid=MLB4196187967&sid=search
2025-11-10 19:43:04;MercadoLivre;acer nitro 5;Notebook Acer Nitro V15 ANV15-51-58AZ Core I5-13420h 8gb 512gb Rtx 3050 Cor Preto;R$ 7.398;I5-13420H;8GB;8GB;RTX;N/A;https://www.mercadolivre.com.br/notebook-acer-nitro-v15-anv15-51-58az-core-i5-13420h-8gb-512gb-rtx-3050-cor-preto/p/MLB39107224#polycard_client=search-nordic&search_layout=grid&position=5&type=product&tracking_id=88b2cbd7-bc99-4f20-a78e-14ef5bd71e5d&wid=MLB5117986194&sid=search
2025-11-10 19:43:04;Amazon;dell inspiron 15;"Notebook Dell Inspiron I15-I1300-A30P 15.6"" Full HD 13ª Gen Intel Core i5 8GB 512GB SSD Win 11 Preto Carbono";R$ 2.899,00;I5;N/A;8GB;N/A;N/A;https://www.amazon.com.br/sspa/click?ie=UTF8&spc=MTo4NzM0MzAwMjMyNjI2MTE3OjE3NjI4MDM4Nzk6c3BfYXRmOjMwMTA0ODg2MTE5ODQwMjo6MDo6&url=%2FNotebook-Dell-Inspiron-I15-I1300-A30P-Carbono%2Fdp%2FB0FHCHBRGF%2Fref%3Dsr_1_1_sspa%3Fdib%3DeyJ2IjoiMSJ9.DRwbI4Vg0tI2P1hC1grhNXSBLV4UGtQzH59MDKoqFtK0ljWLNcLv5giFS8Ivwmrx0-qS4ETQR81ZGQLeVMgvWMUw0n6XBgGrHTVt_2yynNgAewI1K-D-lqmewAbSamY43gUqVLy4GA9sw_y1UP9L0z0IL-pjFzrP_lSdsfmSQKdJv7kYQorX2mBFuPvkIFXXh5jpiF6QD26N8BqTZhOSqwvPFikXKSkzYS6zA35mvCwtApxPjWhBV8jPHQ6V6qBobhfqpB0PUfHsqOpgJll_lfHHuiezqVsZHcqZ3Rrl3L4.EEX2BNi-26qbXEkI4fWtw7lGblWaIWTT2Sjw9O35MxM%26dib_tag%3Dse%26keywords%3Ddell%2Binspiron%2B15%26qid%3D1762803879%26sr%3D8-1-spons%26ufe%3Dapp_do%253Aamzn1.fos.9e6a115c-05b9-4b96-8e1c-b1f9ce2ac1a6%26sp_csd%3Dd2lkZ2V0TmFtZT1zcF9hdGY%26psc%3D1
2025-11-10 19:43:04;Amazon;dell inspiron 15;"Notebook Dell Inspiron I15-I1300-A80P 15.6"" Full HD 13ª Gen Intel Core i7 16GB 1TB SSD Win 11 Preto Carbono";R$ 4.523,00;I7;N/A;16GB;N/A;N/A;https://www.amazon.com.br/sspa/click?ie=UTF8&spc=MTo4NzM0MzAwMjMyNjI2MTE3OjE3NjI4MDM4Nzk6c3BfYXRmOjMwMTA0ODg2MTE5ODEwMjo6MDo6&url=%2FNotebook-Dell-Inspiron-I15-I1300-A80P-Carbono%2Fdp%2FB0F7J4NR3G%2Fref%3Dsr_1_2_sspa%3Fdib%3DeyJ2IjoiMSJ9.DRwbI4Vg0tI2P1hC1grhNXSBLV4UGtQzH59MDKoqFtK0ljWLNcLv5giFS8Ivwmrx0-qS4ETQR81ZGQLeVMgvWMUw0n6XBgGrHTVt_2yynNgAewI1K-D-lqmewAbSamY43gUqVLy4GA9sw_y1UP9L0z0IL-pjFzrP_lSdsfmSQKdJv7kYQorX2mBFuPvkIFXXh5jpiF6QD26N8BqTZhOSqwvPFikXKSkzYS6zA35mvCwtApxPjWhBV8jPHQ6V6qBobhfqpB0PUfHsqOpgJll_lfHHuiezqVsZHcqZ3Rrl3L4.EEX2BNi-26qbXEkI4fWtw7lGblWaIWTT2Sjw9O35MxM%26dib_tag%3Dse%26keywords%3Ddell%2Binspiron%2B15%26qid%3D1762803879%26sr%3D8-2-spons%26ufe%3Dapp_do%253Aamzn1.fos.9e6a115c-05b9-4b96-8e1c-b1f9ce2ac1a6%26sp_csd%3Dd2lkZ2V0TmFtZT1zcF9hdGY%26psc%3D1
2025-11-10 19:43:04;Amazon;dell inspiron 15;"Computador Dell 24 All-in-One EC24250 23.8"" IPS Full HD 13ª Gen Intel Core i5 8GB 1TB SSD Win 11 AIO-i1303-A15";R$ 5.929,00;I5;N/A;8GB;N/A;N/A;https://www.amazon.com.br/sspa/click?ie=UTF8&spc=MTo4NzM0MzAwMjMyNjI2MTE3OjE3NjI4MDM4Nzk6c3BfYXRmOjMwMTA0ODg2MTE5ODUwMjo6MDo6&url=%2FComputador-Dell-EC24250-Intel-AIO-i1303-A15%2Fdp%2FB0FHBWZNP1%2Fref%3Dsr_1_3_sspa%3Fdib%3DeyJ2IjoiMSJ9.DRwbI4Vg0tI2P1hC1grhNXSBLV4UGtQzH59MDKoqFtK0ljWLNcLv5giFS8Ivwmrx0-qS4ETQR81ZGQLeVMgvWMUw0n6XBgGrHTVt_2yynNgAewI1K-D-lqmewAbSamY43gUqVLy4GA9sw_y1UP9L0z0IL-pjFzrP_lSdsfmSQKdJv7kYQorX2mBFuPvkIFXXh5jpiF6QD26N8BqTZhOSqwvPFikXKSkzYS6zA35mvCwtApxPjWhBV8jPHQ6V6qBobhfqpB0PUfHsqOpgJll_lfHHuiezqVsZHcqZ3Rrl3L4.EEX2BNi-26qbXEkI4fWtw7lGblWaIWTT2Sjw9O35MxM%26dib_tag%3Dse%26keywords%3Ddell%2Binspiron%2B15%26qid%3D1762803879%26sr%3D8-3-spons%26ufe%3Dapp_do%253Aamzn1.fos.25548f35-0de7-44b3-b28e-0f56f3f96147%26sp_csd%3Dd2lkZ2V0TmFtZT1zcF9hdGY%26psc%3D1
2025-11-10 19:43:04;Amazon;dell inspiron 15;"Notebook VAIO FE16 Intel Core i5-1334U Windows 11 Home 16GB RAM total 512GB SSD Tela 16"" IPS WUXGA Antireflexo - Cinza Grafite - VJFE62F11X-B0321H";R$ 3.799,90;I5-1334U;16GB;16GB;N/A;N/A;https://www.amazon.com.br/sspa/click?ie=UTF8&spc=MTo4NzM0MzAwMjMyNjI2MTE3OjE3NjI4MDM4Nzk6c3BfYXRmOjMwMTAwNDExODUwNDYwMjo6MDo6&url=%2FNotebook-VAIO-i5-1334U-Windows-Antireflexo%2Fdp%2FB0FJG8Y1K7%2Fref%3Dsr_1_4_sspa%3Fdib%3DeyJ2IjoiMSJ9.DRwbI4Vg0tI2P1hC1grhNXSBLV4UGtQzH59MDKoqFtK0ljWLNcLv5giFS8Ivwmrx0-qS4ETQR81ZGQLeVMgvWMUw0n6XBgGrHTVt_2yynNgAewI1K-D-lqmewAbSamY43gUqVLy4GA9sw_y1UP9L0z0IL-pjFzrP_lSdsfmSQKdJv7kYQorX2mBFuPvkIFXXh5jpiF6QD26N8BqTZhOSqwvPFikXKSkzYS6zA35mvCwtApxPjWhBV8jPHQ6V6qBobhfqpB0PUfHsqOpgJll_lfHHuiezqVsZHcqZ3Rrl3L4.EEX2BNi-26qbXEkI4fWtw7lGblWaIWTT2Sjw9O35MxM%26dib_tag%3Dse%26keywords%3Ddell%2Binspiron%2B15%26qid%3D1762803879%26sr%3D8-4-spons%26ufe%3Dapp_do%253Aamzn1.fos.95de73c3-5dda-43a7-bd1f-63af03b14751%26sp_csd%3Dd2lkZ2V0TmFtZT1zcF9hdGY%26psc%3D1
2025-11-10 19:43:04;Amazon;dell inspiron 15;"Notebook Dell Inspiron I15-I1300-A30P 15.6"" Full HD 13ª Gen Intel Core i5 8GB 512GB SSD Win 11 Preto Carbono";R$ 2.899,00;I5;N/A;8GB;N/A;N/A;https://www.amazon.com.br/Notebook-Dell-Inspiron-I15-I1300-A30P-Carbono/dp/B0FHCHBRGF/ref=sr_1_5?dib=eyJ2IjoiMSJ9.DRwbI4Vg0tI2P1hC1grhNXSBLV4UGtQzH59MDKoqFtK0ljWLNcLv5giFS8Ivwmrx0-qS4ETQR81ZGQLeVMgvWMUw0n6XBgGrHTVt_2yynNgAewI1K-D-lqmewAbSamY43gUqVLy4GA9sw_y1UP9L0z0IL-pjFzrP_lSdsfmSQKdJv7kYQorX2mBFuPvkIFXXh5jpiF6QD26N8BqTZhOSqwvPFikXKSkzYS6zA35mvCwtApxPjWhBV8jPHQ6V6qBobhfqpB0PUfHsqOpgJll_lfHHuiezqVsZHcqZ3Rrl3L4.EEX2BNi-26qbXEkI4fWtw7lGblWaIWTT2Sjw9O35MxM&dib_tag=se&keywords=dell+inspiron+15&qid=1762803879&sr=8-5&ufe=app_do%3Aamzn1.fos.9e6a115c-05b9-4b96-8e1c-b1f9ce2ac1a6
2025-11-10 19:43:04;Amazon;dell inspiron 15;"Notebook Dell Inspiron I15-I1300-A60P 15.6"" Full HD 13ª Gen Intel Core i5 16GB 1TB SSD Win 11 Preto Carbono";R$ 3.799,99;I5;N/A;16GB;N/A;N/A;https://www.amazon.com.br/sspa/click?ie=UTF8&spc=MTo5NTQwMjg5Mjc2ODM5Nzk6MTc2MjgwMzg4NTpzcF9hdGZfbmV4dDozMDEwNDg4NjExOTgyMDI6OjA6Og&url=%2FNotebook-Dell-Inspiron-I15-I1300-A60P-Carbono%2Fdp%2FB0FHCY7WLF%2Fref%3Dsr_1_49_sspa%3Fdib%3DeyJ2IjoiMSJ9.LXSWov9ZqH0BTlnuU7paeExHYGfyGt7Gqx_9z7TjZ9PZZqihdGmqccQlDS3vgoRDtpfKBsm-lbXqV5QHJygXbibcRm3DygwUGmh7bK-ed-pzpGaB3tG3QXoinBum3Sk4Sij7ygmDMt0TeJbAKruAd3Hp0U5GtiZzxEY5_en10Jf0V-zboimvndoSPY-6rno7yyO8Ee7Op8nU2AAgOQXLlq8-N2Ev9kQMIjI9da1Q6VaL-eke7qFs9t50igOPRF3wH_DVWrDU86SlTNUCwNoCKXOZFr9OK1Z0G3VPTd8Wa3o.9AkZknHBU47SweHY4UivpOy3yyRdjk80UDVfNttEKQc%26dib_tag%3Dse%26keywords%3Ddell%2Binspiron%2B15%26qid%3D1762803885%26sr%3D8-49-spons%26ufe%3Dapp_do%253Aamzn1.fos.9e6a115c-05b9-4b96-8e1c-b1f9ce2ac1a6%26sp_csd%3Dd2lkZ2V0TmFtZT1zcF9hdGZfbmV4dA%26psc%3D1
2025-11-10 19:43:04;Amazon;dell inspiron 15;"Notebook Dell Inspiron I15-I1300-A80P 15.6"" Full HD 13ª Gen Intel Core i7 16GB 1TB SSD Win 11 Preto Carbono";R$ 4.523,00;I7;N/A;16GB;N/A;N/A;https://www.amazon.com.br/sspa/click?ie=UTF8&spc=MTo5NTQwMjg5Mjc2ODM5Nzk6MTc2MjgwMzg4NTpzcF9hdGZfbmV4dDozMDEwNDg4NjExOTgxMDI6OjA6Og&url=%2FNotebook-Dell-Inspiron-I15-I1300-A80P-Carbono%2Fdp%2FB0F7J4NR3G%2Fref%3Dsr_1_50_sspa%3Fdib%3DeyJ2IjoiMSJ9.LXSWov9ZqH0BTlnuU7paeExHYGfyGt7Gqx_9z7TjZ9PZZqihdGmqccQlDS3vgoRDtpfKBsm-lbXqV5QHJygXbibcRm3DygwUGmh7bK-ed-pzpGaB3tG3QXoinBum3Sk4Sij7ygmDMt0TeJbAKruAd3Hp0U5GtiZzxEY5_en10Jf0V-zboimvndoSPY-6rno7yyO8Ee7Op8nU2AAgOQXLlq8-N2Ev9kQMIjI9da1Q6VaL-eke7qFs9t50igOPRF3wH_DVWrDU86SlTNUCwNoCKXOZFr9OK1Z0G3VPTd8Wa3o.9AkZknHBU47SweHY4UivpOy3yyRdjk80UDVfNttEKQc%26dib_tag%3Dse%26keywords%3Ddell%2Binspiron%2B15%26qid%3D1762803885%26sr%3D8-50-spons%26ufe%3Dapp_do%253Aamzn1.fos.9e6a115c-05b9-4b96-8e1c-b1f9ce2ac1a6%26sp_csd%3Dd2lkZ2V0TmFtZT1zcF9hdGZfbmV4dA%26psc%3D1
2025-11-10 19:43:04;Amazon;dell inspiron 15;"Notebook VAIO FE16 Intel Core i5-1334U Windows 11 Home 16GB RAM total 512GB SSD Tela 16"" IPS WUXGA Antireflexo - Cinza Grafite - VJFE62F11X-B0321H";R$ 3.799,90;I5-1334U;16GB;16GB;N/A;N/A;https://www.amazon.com.br/sspa/click?ie=UTF8&spc=MTo5NTQwMjg5Mjc2ODM5Nzk6MTc2MjgwMzg4NTpzcF9hdGZfbmV4dDozMDEwMDQxMTg1MDQ2MDI6OjA6Og&url=%2FNotebook-VAIO-i5-1334U-Windows-Antireflexo%2Fdp%2FB0FJG8Y1K7%2Fref%3Dsr_1_51_sspa%3Fdib%3DeyJ2IjoiMSJ9.LXSWov9ZqH0BTlnuU7paeExHYGfyGt7Gqx_9z7TjZ9PZZqihdGmqccQlDS3vgoRDtpfKBsm-lbXqV5QHJygXbibcRm3DygwUGmh7bK-ed-pzpGaB3tG3QXoinBum3Sk4Sij7ygmDMt0TeJbAKruAd3Hp0U5GtiZzxEY5_en10Jf0V-zboimvndoSPY-6rno7yyO8Ee7Op8nU2AAgOQXLlq8-N2Ev9kQMIjI9da1Q6VaL-eke7qFs9t50igOPRF3wH_DVWrDU86SlTNUCwNoCKXOZFr9OK1Z0G3VPTd8Wa3o.9AkZknHBU47SweHY4UivpOy3yyRdjk80UDVfNttEKQc%26dib_tag%3Dse%26keywords%3Ddell%2Binspiron%2B15%26qid%3D1762803885%26sr%3D8-51-spons%26ufe%3Dapp_do%253Aamzn1.fos.95de73c3-5dda-43a7-bd1f-63af03b14751%26sp_csd%3Dd2lkZ2V0TmFtZT1zcF9hdGZfbmV4dA%26psc%3D1
2025-11-10 19:43:04;Amazon;dell inspiron 15;"Armazém Brasil, Extensor de tela portátil, 14"" 1080P Dual Screen, Monitor portátil de rotação de 250 ° para laptop, Travel Display para laptop 14-16 '' com porta USB-C/HDMI, Plug & Play";R$ 799,00;N/A;N/A;N/A;N/A;"16""";https://www.amazon.com.br/sspa/click?ie=UTF8&spc=MTo5NTQwMjg5Mjc2ODM5Nzk6MTc2MjgwMzg4NTpzcF9hdGZfbmV4dDozMDA3ODYwMDgyNzE3MDI6OjA6Og&url=%2FArmaz%25C3%25A9m-Extensor-port%25C3%25A1til-Monitor-rota%25C3%25A7%25C3%25A3o%2Fdp%2FB0DHGJVS4Y%2Fref%3Dsr_1_52_sspa%3Fdib%3DeyJ2IjoiMSJ9.LXSWov9ZqH0BTlnuU7paeExHYGfyGt7Gqx_9z7TjZ9PZZqihdGmqccQlDS3vgoRDtpfKBsm-lbXqV5QHJygXbibcRm3DygwUGmh7bK-ed-pzpGaB3tG3QXoinBum3Sk4Sij7ygmDMt0TeJbAKruAd3Hp0U5GtiZzxEY5_en10Jf0V-zboimvndoSPY-6rno7yyO8Ee7Op8nU2AAgOQXLlq8-N2Ev9kQMIjI9da1Q6VaL-eke7qFs9t50igOPRF3wH_DVWrDU86SlTNUCwNoCKXOZFr9OK1Z0G3VPTd8Wa3o.9AkZknHBU47SweHY4UivpOy3yyRdjk80UDVfNttEKQc%26dib_tag%3Dse%26keywords%3Ddell%2Binspiron%2B15%26qid%3D1762803885%26sr%3D8-52-spons%26ufe%3Dapp_do%253Aamzn1.fos.95de73c3-5dda-43a7-bd1f-63af03b14751%26sp_csd%3Dd2lkZ2V0TmFtZT1zcF9hdGZfbmV4dA%26psc%3D1
2025-11-10 19:43:04;Amazon;dell inspiron 15;"Notebook Lenovo Ideapad 1i Intel Core i5-1235U 8GB 512GB SSD 15.6"" W11";R$ 2.564,13;I5-1235U;N/A;8GB;N/A;N/A;https://www.amazon.com.br/Notebook-Lenovo-Ideapad-i5-1235U-512GB/dp/B0CK3R8JYG/ref=sr_1_53?dib=eyJ2IjoiMSJ9.LXSWov9ZqH0BTlnuU7paeExHYGfyGt7Gqx_9z7TjZ9PZZqihdGmqccQlDS3vgoRDtpfKBsm-lbXqV5QHJygXbibcRm3DygwUGmh7bK-ed-pzpGaB3tG3QXoinBum3Sk4Sij7ygmDMt0TeJbAKruAd3Hp0U5GtiZzxEY5_en10Jf0V-zboimvndoSPY-6rno7yyO8Ee7Op8nU2AAgOQXLlq8-N2Ev9kQMIjI9da1Q6VaL-eke7qFs9t50igOPRF3wH_DVWrDU86SlTNUCwNoCKXOZFr9OK1Z0G3VPTd8Wa3o.9AkZknHBU47SweHY4UivpOy3yyRdjk80UDVfNttEKQc&dib_tag=se&keywords=dell+inspiron+15&qid=1762803885&sr=8-53&ufe=app_do%3Aamzn1.fos.9e6a115c-05b9-4b96-8e1c-b1f9ce2ac1a6
2025-11-10 19:43:04;MercadoLivre;dell inspiron 15;Notebook Dell Inspiron I15-i120k-a25p I5 8gb 512gb 15.6 W11;R$ 3.507;I5;8GB;8GB;N/A;N/A;https://www.mercadolivre.com.br/notebook-dell-inspiron-i15-i120k-a25p-i5-8gb-512gb-156-w11/p/MLB39353557#polycard_client=search-nordic&search_layout=grid&position=1&type=product&tracking_id=434b1b47-64d6-4252-8eb7-541c357ba153&wid=MLB5016573914&sid=search
2025-11-10 19:43:04;MercadoLivre;dell inspiron 15;Notebook Dell Inspiron I15-i1300-a15p Core 3 8gb 512gb W11 Preto;R$ 2.999;N/A;8GB;8GB;N/A;N/A;https://www.mercadolivre.com.br/notebook-dell-inspiron-i15-i1300-a15p-core-3-8gb-512gb-w11-preto/p/MLB52728444#polycard_client=search-nordic&search_layout=grid&position=2&type=product&tracking_id=434b1b47-64d6-4252-8eb7-541c357ba153&wid=MLB5512463698&sid=search
2025-11-10 19:43:04;MercadoLivre;dell inspiron 15;Notebook Dell Inspiron I15-i1300-a30p 15.6 I5 8gb 512gb W11 Preto;R$ 3.999;I5;8GB;8GB;N/A;N/A;https://www.mercadolivre.com.br/notebook-dell-inspiron-i15-i1300-a30p-156-i5-8gb-512gb-w11-preto/p/MLB54247265#polycard_client=search-nordic&search_layout=grid&position=3&type=product&tracking_id=434b1b47-64d6-4252-8eb7-541c357ba153&wid=MLB4196392517&sid=search
2025-11-10 19:43:04;MercadoLivre;dell inspiron 15;Notebook Inspiron I15-i1300-a80p I7 16gb 1tb W11 Preto Dell;R$ 5.398;I7;16GB;16GB;N/A;N/A;https://www.mercadolivre.com.br/notebook-inspiron-i15-i1300-a80p-i7-16gb-1tb-w11-preto-dell/p/MLB52641588#polycard_client=search-nordic&search_layout=grid&position=4&type=product&tracking_id=434b1b47-64d6-4252-8eb7-541c357ba153&wid=MLB4132228593&sid=search
2025-11-10 19:43:04;MercadoLivre;dell inspiron 15;Notebook Dell Inspiron I15-i1300-a60p 15.6 I5 16gb 1tb W11 Preto;R$ 4.399;I5;16GB;16GB;N/A;N/A;https://www.mercadolivre.com.br/notebook-dell-inspiron-i15-i1300-a60p-156-i5-16gb-1tb-w11-preto/p/MLB54494663#polycard_client=search-nordic&search_layout=grid&position=5&type=product&tracking_id=434b1b47-64d6-4252-8eb7-541c357ba153&wid=MLB5676744208&sid=search
2025-11-10 19:43:04;MercadoLivre;dell inspiron 15;Notebook Dell Inspiron I15-i120k-a25p I5 8gb 512gb 15.6 W11;R$ 3.507;I5;8GB;8GB;N/A;N/A;https://www.mercadolivre.com.br/notebook-dell-inspiron-i15-i120k-a25p-i5-8gb-512gb-156-w11/p/MLB39353557#polycard_client=search-nordic&search_layout=grid&position=1&type=product&tracking_id=57740fdf-93ec-49e6-bb6c-d74306a0cf45&wid=MLB5016573914&sid=search
2025-11-10 19:43:04;MercadoLivre;dell inspiron 15;Notebook Dell Inspiron I15-i1300-a15p Core 3 8gb 512gb W11 Preto;R$ 2.999;N/A;8GB;8GB;N/A;N/A;https://www.mercadolivre.com.br/notebook-dell-inspiron-i15-i1300-a15p-core-3-8gb-512gb-w11-preto/p/MLB52728444#polycard_client=search-nordic&search_layout=grid&position=2&type=product&tracking_id=57740fdf-93ec-49e6-bb6c-d74306a0cf45&wid=MLB5512463698&sid=search
2025-11-10 19:43:04;MercadoLivre;dell inspiron 15;Notebook Dell Inspiron I15-i1300-a30p 15.6 I5 8gb 512gb W11 Preto;R$ 3.999;I5;8GB;8GB;N/A;N/A;https://www.mercadolivre.com.br/notebook-dell-inspiron-i15-i1300-a30p-156-i5-8gb-512gb-w11-preto/p/MLB54247265#polycard_client=search-nordic&search_layout=grid&position=3&type=product&tracking_id=57740fdf-93ec-49e6-bb6c-d74306a0cf45&wid=MLB4196392517&sid=search
2025-11-10 19:43:04;MercadoLivre;dell inspiron 15;Notebook Inspiron I15-i1300-a80p I7 16gb 1tb W11 Preto Dell;R$ 5.398;I7;16GB;16GB;N/A;N/A;https://www.mercadolivre.com.br/notebook-inspiron-i15-i1300-a80p-i7-16gb-1tb-w11-preto-dell/p/MLB52641588#polycard_client=search-nordic&search_layout=grid&position=4&type=product&tracking_id=57740fdf-93ec-49e6-bb6c-d74306a0cf45&wid=MLB4132228593&sid=search
2025-11-10 19:43:04;MercadoLivre;dell inspiron 15;Notebook Dell Inspiron I15-i1300-a60p 15.6 I5 16gb 1tb W11 Preto;R$ 4.399;I5;16GB;16GB;N/A;N/A;https://www.mercadolivre.com.br/notebook-dell-inspiron-i15-i1300-a60p-156-i5-16gb-1tb-w11-preto/p/MLB54494663#polycard_client=search-nordic&search_layout=grid&position=5&type=product&tracking_id=57740fdf-93ec-49e6-bb6c-d74306a0cf45&wid=MLB5676744208&sid=search
2025-11-10 19:43:04;Amazon;macbook;Apple 2025 MacBook Air (de 13 polegadas, Processador M4 da Apple com CPU 10‑core e GPU 8‑core, 16GB Memória unificada, 256 GB) - Meia-noite;R$ 9.499,00;N/A;16GB;16GB;N/A;"13""";https://www.amazon.com.br/Apple-MacBook-polegadas-Processador-unificada/dp/B0DZLJVDBR/ref=sr_1_1?dib=eyJ2IjoiMSJ9.uNldhp0uHSTSeFg_t8pvYry_Uu6wi8WIx7lmuB_nqJ5izBJvERz5xXACWTuAyTpZEOHz_HYKVol8E313lbVGxqG_Dh1jG4x8a8whOQiSh7jhe-zBOPbk3QA7NqaRAV0Pjqvj7C_vSEQ8Witq6XQRgUU_S6iGvzP5NfNIO460_G0wu8Ms4wdAR8mAy95DX8jDW9ll49LeW-aS0-EO2_1sftYNIDh3IgpXSldC5Mp0fQvhb8NFZklG8hoYPFwJjqn_TR1ryKbHJxxqwzYQARJcEGyES542cGAVQBIxKu1dQH8.Od7O0kdvqf0IHUeK8AA_-NJZdx3G5F-oQLW8lUs5bC0&dib_tag=se&keywords=macbook&qid=1762803907&sr=8-1&ufe=app_do%3Aamzn1.fos.25548f35-0de7-44b3-b28e-0f56f3f96147
2025-11-10 19:43:04;Amazon;macbook;Apple 2024 MacBook Pro (de 16 polegadas, Processador M4 Pro da Apple com CPU 14‑core e GPU 20‑core, 24GB Memória unificada, 512 GB) - Preto sideral;R$ 22.499,00;N/A;24GB;24GB;N/A;"16""";https://www.amazon.com.br/Apple-MacBook-polegadas-Processador-unificada/dp/B0DLJ5P9HQ/ref=sr_1_2?dib=eyJ2IjoiMSJ9.uNldhp0uHSTSeFg_t8pvYry_Uu6wi8WIx7lmuB_nqJ5izBJvERz5xXACWTuAyTpZEOHz_HYKVol8E313lbVGxqG_Dh1jG4x8a8whOQiSh7jhe-zBOPbk3QA7NqaRAV0Pjqvj7C_vSEQ8Witq6XQRgUU_S6iGvzP5NfNIO460_G0wu8Ms4wdAR8mAy95DX8jDW9ll49LeW-aS0-EO2_1sftYNIDh3IgpXSldC5Mp0fQvhb8NFZklG8hoYPFwJjqn_TR1ryKbHJxxqwzYQARJcEGyES542cGAVQBIxKu1dQH8.Od7O0kdvqf0IHUeK8AA_-NJZdx3G5F-oQLW8lUs5bC0&dib_tag=se&keywords=macbook&qid=1762803907&sr=8-2&ufe=app_do%3Aamzn1.fos.25548f35-0de7-44b3-b28e-0f56f3f96147
2025-11-10 19:43:04;Amazon;macbook;Apple 2025 MacBook Air (de 13 polegadas, Processador M4 da Apple com CPU 10‑core e GPU 8‑core, 16GB Memória unificada, 256 GB) - Prateado;R$ 9.499,00;N/A;16GB;16GB;N/A;"13""";https://www.amazon.com.br/Apple-MacBook-polegadas-Processador-unificada/dp/B0DZLJ9WRB/ref=sr_1_3?dib=eyJ2IjoiMSJ9.uNldhp0uHSTSeFg_t8pvYry_Uu6wi8WIx7lmuB_nqJ5izBJvERz5xXACWTuAyTpZEOHz_HYKVol8E313lbVGxqG_Dh1jG4x8a8whOQiSh7jhe-zBOPbk3QA7NqaRAV0Pjqvj7C_vSEQ8Witq6XQRgUU_S6iGvzP5NfNIO460_G0wu8Ms4wdAR8mAy95DX8jDW9ll49LeW-aS0-EO2_1sftYNIDh3IgpXSldC5Mp0fQvhb8NFZklG8hoYPFwJjqn_TR1ryKbHJxxqwzYQARJcEGyES542cGAVQBIxKu1dQH8.Od7O0kdvqf0IHUeK8AA_-NJZdx3G5F-oQLW8lUs5bC0&dib_tag=se&keywords=macbook&qid=1762803907&sr=8-3&ufe=app_do%3Aamzn1.fos.25548f35-0de7-44b3-b28e-0f56f3f96147
2025-11-10 19:43:04;Amazon;macbook;Notebook MacBook (2022) Apple com chip M2: tela Liquid Retina de 13.6 polegadas, 16GB de RAM, 256 GB de SSD. Luz das estrelas.;R$ 7.598,95;N/A;16GB;16GB;N/A;"13.6""";https://www.amazon.com.br/2022-Apple-MacBook-laptop-chip/dp/B0DLHHSGLQ/ref=sr_1_4?dib=eyJ2IjoiMSJ9.uNldhp0uHSTSeFg_t8pvYry_Uu6wi8WIx7lmuB_nqJ5izBJvERz5xXACWTuAyTpZEOHz_HYKVol8E313lbVGxqG_Dh1jG4x8a8whOQiSh7jhe-zBOPbk3QA7NqaRAV0Pjqvj7C_vSEQ8Witq6XQRgUU_S6iGvzP5NfNIO460_G0wu8Ms4wdAR8mAy95DX8jDW9ll49LeW-aS0-EO2_1sftYNIDh3IgpXSldC5Mp0fQvhb8NFZklG8hoYPFwJjqn_TR1ryKbHJxxqwzYQARJcEGyES542cGAVQBIxKu1dQH8.Od7O0kdvqf0IHUeK8AA_-NJZdx3G5F-oQLW8lUs5bC0&dib_tag=se&keywords=macbook&qid=1762803907&sr=8-4&ufe=app_do%3Aamzn1.fos.25548f35-0de7-44b3-b28e-0f56f3f96147
2025-11-10 19:43:04;Amazon;macbook;MacBook Pro (2023). O notebook da Apple com chip M3 Pro, CPU 12-core e GPU 18-core: Tela Liquid Retina XDR de 16 pol, 18GB memória unificada e SSD 512GB. Funciona com o iPhone/iPad. Preto-espacial;R$ 23.199,20;N/A;512GB;18GB;N/A;"16""";https://www.amazon.com.br/MacBook-notebook-Apple-12-core-18-core/dp/B0CM77Q46K/ref=sr_1_5?dib=eyJ2IjoiMSJ9.uNldhp0uHSTSeFg_t8pvYry_Uu6wi8WIx7lmuB_nqJ5izBJvERz5xXACWTuAyTpZEOHz_HYKVol8E313lbVGxqG_Dh1jG4x8a8whOQiSh7jhe-zBOPbk3QA7NqaRAV0Pjqvj7C_vSEQ8Witq6XQRgUU_S6iGvzP5NfNIO460_G0wu8Ms4wdAR8mAy95DX8jDW9ll49LeW-aS0-EO2_1sftYNIDh3IgpXSldC5Mp0fQvhb8NFZklG8hoYPFwJjqn_TR1ryKbHJxxqwzYQARJcEGyES542cGAVQBIxKu1dQH8.Od7O0kdvqf0IHUeK8AA_-NJZdx3G5F-oQLW8lUs5bC0&dib_tag=se&keywords=macbook&qid=1762803907&sr=8-5&ufe=app_do%3Aamzn1.fos.25548f35-0de7-44b3-b28e-0f56f3f96147
2025-11-10 19:43:04;Amazon;macbook;Mouse Sem Fio Logitech Signature M650 L com Design de Tamanho Padrão, Clique Silencioso, Botões Laterais Personalizáveis, Conexão USB e Bluetooth - Branco;R$ 196,18;N/A;N/A;N/A;N/A;N/A;https://www.amazon.com.br/sspa/click?ie=UTF8&spc=MToxMDExNDk1NzE3NDQzOTAwOjE3NjI4MDM5MTU6c3BfYXRmX25leHQ6MzAwNzYxNTQ1NjA3OTAyOjowOjo&url=%2FLogitech-Signature-Silencioso-Personaliz%25C3%25A1veis-Bluetooth%2Fdp%2FB09NQNRJTK%2Fref%3Dsr_1_49_sspa%3Fdib%3DeyJ2IjoiMSJ9.A3bpFFclf_6vi_xMyodEPtGGKuptlIQTY3_2xHaKMJzc8CGH1b9tT-lMR2e0Q7YTQzqdNFrwJahDvxT41qUSvVACwOBI4iNPW0G-5W08dSSp417HIvsNnBSJf3RwvrnEOmnveyWtzIP21FkFgNXdftZTP8_Hfd0SMrk3E7Z1RQIL6in-Xevt41aQBFx1Sbm-Tu6uLvXtr7Zfvbz-1Slmii-29gXGFyoL99QsQCmOiG1M_96Z8wxK9aYwVU8lHIS1XiWiZKwbcQZZjJe1-zQJgc8Xl3w6w62mMWAAJ-E3wmE.5MLR9-6f65P08AY15xf23CQS0E_Aphd6QmdYBouuz20%26dib_tag%3Dse%26keywords%3Dmacbook%26qid%3D1762803915%26sr%3D8-49-spons%26ufe%3Dapp_do%253Aamzn1.fos.fcd6d665-32ba-4479-9f21-b774e276a678%26sp_csd%3Dd2lkZ2V0TmFtZT1zcF9hdGZfbmV4dA%26psc%3D1
2025-11-10 19:43:04;Amazon;macbook;Mouse Sem Fio Logitech M240 com Conexão Bluetooth, Clique Silencioso, Design Ambidestro Compacto, Bateria de 18 Meses, Compatível com Windows, macOS, ChromeOS - Rosa;R$ 68,99;N/A;N/A;N/A;N/A;N/A;https://www.amazon.com.br/sspa/click?ie=UTF8&spc=MToxMDExNDk1NzE3NDQzOTAwOjE3NjI4MDM5MTU6c3BfYXRmX25leHQ6MzAwNzYxNTQ1NjEwOTAyOjowOjo&url=%2FLogitech-Bluetooth-Silencioso-Ambidestro-Compat%25C3%25ADvel%2Fdp%2FB0BXNSTGGW%2Fref%3Dsr_1_50_sspa%3Fdib%3DeyJ2IjoiMSJ9.A3bpFFclf_6vi_xMyodEPtGGKuptlIQTY3_2xHaKMJzc8CGH1b9tT-lMR2e0Q7YTQzqdNFrwJahDvxT41qUSvVACwOBI4iNPW0G-5W08dSSp417HIvsNnBSJf3RwvrnEOmnveyWtzIP21FkFgNXdftZTP8_Hfd0SMrk3E7Z1RQIL6in-Xevt41aQBFx1Sbm-Tu6uLvXtr7Zfvbz-1Slmii-29gXGFyoL99QsQCmOiG1M_96Z8wxK9aYwVU8lHIS1XiWiZKwbcQZZjJe1-zQJgc8Xl3w6w62mMWAAJ-E3wmE.5MLR9-6f65P08AY15xf23CQS0E_Aphd6QmdYBouuz20%26dib_tag%3Dse%26keywords%3Dmacbook%26qid%3D1762803915%26sr%3D8-50-spons%26sp_csd%3Dd2lkZ2V0TmFtZT1zcF9hdGZfbmV4dA%26psc%3D1
2025-11-10 19:43:04;Amazon;macbook;Mouse sem fio Logitech M170 com Design Ambidestro Compacto, Conexão USB e Pilha Inclusa - Azul;R$ 61,58;N/A;N/A;N/A;N/A;N/A;https://www.amazon.com.br/sspa/click?ie=UTF8&spc=MToxMDExNDk1NzE3NDQzOTAwOjE3NjI4MDM5MTU6c3BfYXRmX25leHQ6MzAwNzYxNTQ1NjAzNDAyOjowOjo&url=%2FMouse-Nanoreceptor-Inclusa-Logitech-Mouses%2Fdp%2FB01K92Z3OQ%2Fref%3Dsr_1_51_sspa%3Fdib%3DeyJ2IjoiMSJ9.A3bpFFclf_6vi_xMyodEPtGGKuptlIQTY3_2xHaKMJzc8CGH1b9tT-lMR2e0Q7YTQzqdNFrwJahDvxT41qUSvVACwOBI4iNPW0G-5W08dSSp417HIvsNnBSJf3RwvrnEOmnveyWtzIP21FkFgNXdftZTP8_Hfd0SMrk3E7Z1RQIL6in-Xevt41aQBFx1Sbm-Tu6uLvXtr7Zfvbz-1Slmii-29gXGFyoL99QsQCmOiG1M_96Z8wxK9aYwVU8lHIS1XiWiZKwbcQZZjJe1-zQJgc8Xl3w6w62mMWAAJ-E3wmE.5MLR9-6f65P08AY15xf23CQS0E_Aphd6QmdYBouuz20%26dib_tag%3Dse%26keywords%3Dmacbook%26qid%3D1762803915%26sr%3D8-51-spons%26sp_csd%3Dd2lkZ2V0TmFtZT1zcF9hdGZfbmV4dA%26psc%3D1
2025-11-10 19:43:04;Amazon;macbook;Teclado Sem Fio Logitech Signature K650 Com Apoio para as Mãos, Resistente a Derramamentos, Teclado Numérico, Conexão Bluetooth ou Receptor USB Logi Bolt - Grafite;R$ 267,96;N/A;N/A;N/A;N/A;N/A;https://www.amazon.com.br/sspa/click?ie=UTF8&spc=MToxMDExNDk1NzE3NDQzOTAwOjE3NjI4MDM5MTU6c3BfYXRmX25leHQ6MzAwNzYxNTQ1NjA4ODAyOjowOjo&url=%2FLogitech-Signature-Resistente-Derramamentos-Bluetooth%2Fdp%2FB0BK9YLKPM%2Fref%3Dsr_1_52_sspa%3Fdib%3DeyJ2IjoiMSJ9.A3bpFFclf_6vi_xMyodEPtGGKuptlIQTY3_2xHaKMJzc8CGH1b9tT-lMR2e0Q7YTQzqdNFrwJahDvxT41qUSvVACwOBI4iNPW0G-5W08dSSp417HIvsNnBSJf3RwvrnEOmnveyWtzIP21FkFgNXdftZTP8_Hfd0SMrk3E7Z1RQIL6in-Xevt41aQBFx1Sbm-Tu6uLvXtr7Zfvbz-1Slmii-29gXGFyoL99QsQCmOiG1M_96Z8wxK9aYwVU8lHIS1XiWiZKwbcQZZjJe1-zQJgc8Xl3w6w62mMWAAJ-E3wmE.5MLR9-6f65P08AY15xf23CQS0E_Aphd6QmdYBouuz20%26dib_tag%3Dse%26keywords%3Dmacbook%26qid%3D1762803915%26sr%3D8-52-spons%26ufe%3Dapp_do%253Aamzn1.fos.fcd6d665-32ba-4479-9f21-b774e276a678%26sp_csd%3Dd2lkZ2V0TmFtZT1zcF9hdGZfbmV4dA%26psc%3D1
2025-11-10 19:43:04;Amazon;macbook;UGREEN Revodok 105 USB C Hub 5 em 1 adaptador multiporta 4K HDMI, fornecimento de energia de 100 W, 3 portas de dados USB-A, dongle USB C para MacBook Pro/Air, iPad Pro, iMac, iPhone 15 Pro/P;R$ 140,29;N/A;N/A;N/A;N/A;N/A;https://www.amazon.com.br/UGREEN-carregamento-Adaptador-transfer%C3%AAncia-Compat%C3%ADvel/dp/B0BR3M8XHK/ref=sr_1_53?dib=eyJ2IjoiMSJ9.A3bpFFclf_6vi_xMyodEPtGGKuptlIQTY3_2xHaKMJzc8CGH1b9tT-lMR2e0Q7YTQzqdNFrwJahDvxT41qUSvVACwOBI4iNPW0G-5W08dSSp417HIvsNnBSJf3RwvrnEOmnveyWtzIP21FkFgNXdftZTP8_Hfd0SMrk3E7Z1RQIL6in-Xevt41aQBFx1Sbm-Tu6uLvXtr7Zfvbz-1Slmii-29gXGFyoL99QsQCmOiG1M_96Z8wxK9aYwVU8lHIS1XiWiZKwbcQZZjJe1-zQJgc8Xl3w6w62mMWAAJ-E3wmE.5MLR9-6f65P08AY15xf23CQS0E_Aphd6QmdYBouuz20&dib_tag=se&keywords=macbook&qid=1762803915&sr=8-53&ufe=app_do%3Aamzn1.fos.6a09f7ec-d911-4889-ad70-de8dd83c8a74
2025-11-10 19:43:04;MercadoLivre;macbook;Apple Macbook Pro A2141 I9 9 Gen 1tb Ssd 16gb 16 Pol Prata;R$ 6.950;I9;16GB;1TB SSD;N/A;"16""";https://click1.mercadolivre.com.br/mclics/clicks/external/MLB/count?a=M%2BP9jlz6gJp6sWwZRBXKUGFTMn%2BOgNEopRFNlMACAR%2BK4VOOVlhS4kHl1GETSKpPZ%2B7oZDuYr6SPbGq6P1Y4jB5PNWwxz42ZSSp2IkS5MR%2BsZUWWbQDUcZXB78UgRQiyUTK0F5Rj%2BX99es%2B0n8TZqC9EvnglaKjDz5bcn3Azf21EVjrcJ2s5UtouBgMY%2BZqrnsvV%2FFV1Gw6uwmU%2F4IovndlUgn0e40RlgvRnGo7%2Fae9D69Vt1X9ja1N2hkwks2WmgD1lAO03gjnbZu8Fe%2B%2FKKHPup3v0vUSrMGAAuNQ9vm4ybc0u%2BrZjqWukkA4N0a1CF7ggybLmRNJot1e7o43LGXtVUNj%2FqAFYymuYH57nt50N03xVSnNIe99sNJuNxXazMuZHh0Mnhsg2czdypjyv3hMnq4EIvdVWY9Obtcq9%2BaRP3v2rpP9gDgQm83JLYnyHz%2BNM6fWcvY1m3o%2BfslBtaFQv0L1O0jBo5zVYgPvGyZgsAkZ%2BrwBbp62CVdtMVOVD%2B%2BDb%2BNppnesogbZaf6tk%2BPzgl6KPozKchGyPAMT9SzwqPujbpIJJWAh9J7gG9DQhxkg%2FiFUNVQ5OZoR2qMrPJNm3qCtO34dUCX8Q0dpLC7CUaAyF3KDjhuPDkEWgRLW6R1KUI1CmXsBk5izxcCk23TAmdW7uFINn4JjRg3pOPCFl6DPuq1W%2FtxURr9PBYcWKcx5iq2FmBTkrSSFyFxYHSYOF%2Fq0jrEHC1KnCHRvVqLYJsIIb%2FWf4ULvOHYVBS5myhO4ZHd%2FLiLr4wKhEfi0fblTOWHLVm7GW1kW9l2XAVY2Jiy1hbKX1T2GpUcTX%2F5IlrQBY46xn0fWvJwGyXnfUBROLvK6kJqvwH2XzyNXo5U2aOCYY6stzDtWQEA%3D%3D&searchVariation=189682586933#polycard_client=search-nordic&is_advertising=true&searchVariation=189682586933&search_layout=grid&position=1&type=pad&tracking_id=991c6bef-5f11-4edb-a7c5-65c6582058c9
2025-11-10 19:43:04;MercadoLivre;macbook;"Apple MacBook Air de 13"" Estelar Chip M2 da Apple com CPU de 8 núcleos GPU de 8 núcleos e Neural Engine de 16 núcleos Memória unificada de 16 GB SSD de 256 GB - Distribuidor Autorizado";R$ 12.499;N/A;N/A;16GB SSD;N/A;N/A;https://www.mercadolivre.com.br/apple-macbookair-de-13-estelar-chipm2-da-apple-com-cpu-de-8nucleos-gpu-de-8nucleos-e-neuralengine-de-16nucleos-memoria-unificada-de-16gb-ssd-de-256-gb-distribuidor-autorizado/p/MLB1050876787#polycard_client=search-nordic&search_layout=grid&position=2&type=product&tracking_id=991c6bef-5f11-4edb-a7c5-65c6582058c9&wid=MLB5417757006&sid=search
2025-11-10 19:43:04;MercadoLivre;macbook;Apple Macbook air 13 M4 16gb Ram 256gb Ssd Meia-noite;R$ 7.549;N/A;16GB;16GB;N/A;N/A;https://www.mercadolivre.com.br/apple-macbookair-13-m4-16gb-ram-256gb-ssd-meia-noite/p/MLB51136158#polycard_client=search-nordic&search_layout=grid&position=3&type=product&tracking_id=991c6bef-5f11-4edb-a7c5-65c6582058c9&wid=MLB5578029634&sid=search
2025-11-10 19:43:04;MercadoLivre;macbook;Apple Macbook Air (13 polegadas, 2020, Chip M1, 256 GB de SSD) - Cinza-espacial;R$ 4.914;N/A;N/A;256GB;N/A;"13""";https://www.mercadolivre.com.br/apple-macbook-air-13-polegadas-2020-chip-m1-256-gb-de-ssd-cinza-espacial/p/MLB17828518#polycard_client=search-nordic&search_layout=grid&position=4&type=product&tracking_id=991c6bef-5f11-4edb-a7c5-65c6582058c9&wid=MLB4215156869&sid=search
2025-11-10 19:43:04;MercadoLivre;macbook;MacBook Air 2020 13,3 polegadas Core I5 10th 8gb 512ssd ñ Novo;R$ 5.999;I5;8GB;8GB;N/A;N/A;https://www.mercadolivre.com.br/macbook-air-2020-133-polegadas-core-i5-10th-8gb-512ssd-n-novo/p/MLB23210644#polycard_client=search-nordic&search_layout=grid&position=5&type=product&tracking_id=991c6bef-5f11-4edb-a7c5-65c6582058c9&wid=MLB5216390890&sid=search
2025-11-10 19:43:04;MercadoLivre;macbook;Apple Macbook Pro A2141 I9 9 Gen 1tb Ssd 16gb 16 Pol Prata;R$ 6.950;I9;16GB;1TB SSD;N/A;"16""";https://click1.mercadolivre.com.br/mclics/clicks/external/MLB/count?a=IHCmTPe7XCFRwrsA59lszk0AeGN5vwNbV1PmDVHJgifN8CHDc0kbqUWnAznLKJCBAlght%2BWQOcRCXreEZh4Puz8CiFjcOrVLTPsKZN8aMXb6Xh%2FwoGnzkeJNdUESqNTpmSz3xKLOXkSY44PGBmCBzG0MyGXCCPui%2FIUZiiXVEpc%2B7l0TW947wfIiyZ1mi%2B3Pzi7%2FZyIYvcVJAzd3BQNmykqu9Pd00BSdV%2BCiryNb%2BgdF%2FumNBgrJ9BQPvl%2BzTaEZK378ns5U6tkpp6M1NGNcAeu8db2uF3McGkjgIPg8yxmoWQHjvatScVrOyG19dIcyQLodW9Ch%2BzX4g%2Fmm%2FRRpS8KsdewGX8S2RyWf4m4OLxxjLa5KMjc4OnkXEvaIWm2GUOV2Rx29GlobLg23v48mlZq9tqlPn8Z4fmwVLuGWiLq0yb49vM4DUo6pCpA9kurIjv1%2BKSqt1YvRzSAuI3C49HfqE2c860iQxSLmXXh2l7IB28BXAZ55B9ufiJjvzizbyKy%2BSYJivymP2djl1xznqscwDFyuG8OuXZTW20hcs%2B%2FMYJFEyrsFVdWMmr7VPh%2BP60Y9e82jRswzr8FDSFHtaeoauzfbhuHTAQ%2B%2BpIC9byi7uE5VYEzUEmMz%2BMlZiJl6sqwK8GZJzF3gk66KPHa%2ByFdXPhNPIs6SHKhqqXX%2BCD6z9lQMfArMQsvq5%2F5IgiZvtVvtYet3YfQ07ivHKtEUc1EiSIEJqESjCITXG4xBvvwl1%2Fl0aRwo8dVC%2Fn6F%2FeSwIjgJ3ab7T5as7pa3vZzspq30xWthJAp6ehZy%2BBe6l0%2BNhMLGFxua1GIl2KJkO%2F9kFDOpw6pKHeKAmYFBjzgmA0BK8TSul3oGQcHr4BKiriqtZn2kxM9nIA%3D%3D&searchVariation=189682586933#polycard_client=search-nordic&is_advertising=true&searchVariation=189682586933&search_layout=grid&position=1&type=pad&tracking_id=503d95d1-edba-4e37-8bc7-0eb6083e01c6
2025-11-10 19:43:04;MercadoLivre;macbook;"Apple MacBook Air de 13"" Estelar Chip M2 da Apple com CPU de 8 núcleos GPU de 8 núcleos e Neural Engine de 16 núcleos Memória unificada de 16 GB SSD de 256 GB - Distribuidor Autorizado";R$ 12.499;N/A;N/A;16GB SSD;N/A;N/A;https://www.mercadolivre.com.br/apple-macbookair-de-13-estelar-chipm2-da-apple-com-cpu-de-8nucleos-gpu-de-8nucleos-e-neuralengine-de-16nucleos-memoria-unificada-de-16gb-ssd-de-256-gb-distribuidor-autorizado/p/MLB1050876787#polycard_client=search-nordic&search_layout=grid&position=2&type=product&tracking_id=503d95d1-edba-4e37-8bc7-0eb6083e01c6&wid=MLB5417757006&sid=search
2025-11-10 19:43:04;MercadoLivre;macbook;Apple Macbook air 13 M4 16gb Ram 256gb Ssd Meia-noite;R$ 7.549;N/A;16GB;16GB;N/A;N/A;https://www.mercadolivre.com.br/apple-macbookair-13-m4-16gb-ram-256gb-ssd-meia-noite/p/MLB51136158#polycard_client=search-nordic&search_layout=grid&position=3&type=product&tracking_id=503d95d1-edba-4e37-8bc7-0eb6083e01c6&wid=MLB5578029634&sid=search
2025-11-10 19:43:04;MercadoLivre;macbook;Apple Macbook Air (13 polegadas, 2020, Chip M1, 256 GB de SSD) - Cinza-espacial;R$ 4.914;N/A;N/A;256GB;N/A;"13""";https://www.mercadolivre.com.br/apple-macbook-air-13-polegadas-2020-chip-m1-256-gb-de-ssd-cinza-espacial/p/MLB17828518#polycard_client=search-nordic&search_layout=grid&position=4&type=product&tracking_id=503d95d1-edba-4e37-8bc7-0eb6083e01c6&wid=MLB4215156869&sid=search
2025-11-10 19:43:04;MercadoLivre;macbook;MacBook Air 2020 13,3 polegadas Core I5 10th 8gb 512ssd ñ Novo;R$ 5.999;I5;8GB;8GB;N/A;N/A;https://www.mercadolivre.com.br/macbook-air-2020-133-polegadas-core-i5-10th-8gb-512ssd-n-novo/p/MLB23210644#polycard_client=search-nordic&search_layout=grid&position=5&type=product&tracking_id=503d95d1-edba-4e37-8bc7-0eb6083e01c6&wid=MLB5216390890&sid=search
